date,TimeID,HUFL,HULL,MUFL,MULL,LUFL,LULL,OT
2016-07-01,11.5,38.487833182083335,11.668208361541666,36.09612504625,9.719333251,2.253083328375,0.15587500233333332,29.131479104583335
2016-07-02,35.5,32.04120866375,8.498916626,29.506291547916664,6.854374965000001,2.3867916714583335,0.21991666158333334,26.842687289583335
2016-07-03,59.5,35.2628332775,11.56341672,32.01287499958333,9.527166664166666,3.227708329791667,0.158583333125,29.900541941666663
2016-07-04,83.5,37.4756251975,12.115000009833333,34.88433345166667,10.139250020041667,2.632124995083333,0.10658333204166666,31.630895614166665
2016-07-05,107.5,38.121291319166666,11.717041651125001,35.1992914675,9.690249939583333,3.0604583324166668,0.10658333204166666,31.887270927916664
2016-07-06,131.5,40.87875000583333,12.411624987958334,37.56483316375,10.062083284,3.1029583415000004,0.319791669625,33.39783318875
2016-07-07,155.5,43.32541672375,12.861874858458334,40.34379180291666,10.351416607458333,2.9074582952916668,0.05154166620833334,38.76281261375
2016-07-08,179.5,46.32016627041667,14.673291604166666,44.3121248875,12.208916743000001,1.8572916586666668,0.0,41.26227092833333
2016-07-09,203.5,46.5436250375,15.7588750525,44.57345883041666,13.271124879166665,1.7472083367916669,0.05154166620833334,39.99879169458333
2016-07-10,227.5,45.67095836041667,16.554666837083335,43.13491662333333,13.91887502,2.3482500016250003,0.0,39.129062652083334
2016-07-11,251.5,45.37433306458333,16.268416722916665,43.723666509999994,13.981333295916665,1.4579999595833335,0.0,38.33256244625
2016-07-12,275.5,46.9729582475,16.505791624166665,44.70637512166667,13.952375014166668,1.8842499951666667,0.0,42.168583392083335
2016-07-13,299.5,46.78787485749999,15.947291811666666,44.701958179583336,13.485541741250001,1.779624983625,0.0532916685,40.77697896875
2016-07-14,323.5,45.85245863666666,15.315541585,43.82629172041666,12.966166655,2.0194166353333336,0.0,37.8014788625
2016-07-15,347.5,45.47908321916666,15.940291682916666,43.5258334475,13.508916695833333,1.98729166875,0.0,37.05072911458333
2016-07-16,371.5,35.74441679291667,11.465708415249999,33.681499878333334,9.699083269,2.1294583380833334,0.0,36.126042049166664
2016-07-17,395.5,44.64829174625,15.22483336875,42.51508347125,12.748416663,2.1397083402083332,0.0,39.550250212499996
2016-07-18,419.5,47.41979201666667,16.785166580833334,45.41337521958334,14.166750032916667,1.7959583252083335,0.0,41.11566654791667
2016-07-19,443.5,46.21904150583333,15.91245830125,44.07649993791667,13.353791635,2.0748750069999997,0.0,40.4474166225
2016-07-20,467.5,47.27654139166666,15.779791794166668,45.24583355541666,13.152708252916668,1.9794583270416666,0.0,42.70872910916666
2016-07-21,491.5,49.69879166250001,16.694249988333333,47.7219583175,13.95795834125,1.6217916806666668,0.0,45.565187612500004
2016-07-22,515.5,51.3672081625,17.067749898749998,49.46441682208334,14.210416675,1.7244166582083331,0.0,46.85608323458334
2016-07-23,539.5,54.54341665791667,18.4742916425,52.25662501666667,15.072625160833333,2.181541661666667,0.20783333479166666,47.460354009583334
2016-07-24,563.5,54.81558370625,17.957750081666667,52.547208149583334,14.659333388333332,2.203666672208333,0.10170833266666666,48.47647937041666
2016-07-25,587.5,53.61866664833334,17.25970852375,51.80100043666667,14.207083225416667,1.6044583270416666,0.17233332991666664,49.007562479166666
2016-07-26,611.5,55.73366673791667,18.669833422083332,53.691833495,15.427833397916666,1.9305416841666665,0.11816666525000001,48.650458336250004
2016-07-27,635.5,55.36358340458333,18.58608325375,53.11562474583334,15.326166788750001,1.8850833128333333,0.15320833520833332,48.128624916666666
2016-07-28,659.5,55.12279144916667,18.69424974958333,53.317791938333336,15.506041725833333,1.7683333257083333,0.16037499904166666,48.632187683333335
2016-07-29,683.5,56.896041235000006,19.629666567083333,54.644708474999995,16.046541690833333,1.9900833369166666,0.15770833195833334,48.67793782583333
2016-07-30,707.5,56.452708085833336,18.24049997375,54.64579168958334,15.140833218333334,1.511083319708333,0.051083331291666666,48.86514552458333
2016-07-31,731.5,57.13000107,19.43400002,56.023998260000006,16.16399956,1.215000033,0.0,47.32899857
2016-08-01,755.5,53.74066686708333,17.96116666083333,51.81774997666667,14.835916679166667,2.0851667174583333,0.050625001375,46.76145839666666
2016-08-02,779.5,53.13333304708333,18.264999907500002,51.11520798916666,15.080374955416666,1.8207916517083333,0.20741666849999998,43.959916909583335
2016-08-03,803.5,47.14045826583333,15.622833331666667,45.12083339708334,12.96950006425,1.820749998125,0.10350000358333333,37.908270994166664
2016-08-04,827.5,48.52266645458334,16.788458307083335,46.82733329125,14.051791549958333,1.3176249910833333,0.10304166870833333,41.09431266791667
2016-08-05,851.5,48.58195813458334,17.39929171416667,46.49237473791666,14.520916700416668,1.733249992125,0.15233333404166666,41.63450002583333
2016-08-06,875.5,49.87341674125,17.497124910416666,47.41483306875,14.494125008333334,2.5885833202916664,0.16304166616666668,42.89789613125
2016-08-07,899.5,48.407458304583336,16.593000054166666,46.06787490833333,13.788125037916666,2.2676250091666668,0.15633333224999998,44.35366646416667
2016-08-08,923.5,50.25733296041667,16.963041702916666,48.518375078750005,14.167999982916667,1.3353750159166669,0.05775000154166667,44.39945824958334
2016-08-09,947.5,50.4178334875,16.819916527500002,48.64350000875,13.998291612083333,1.3274166782083334,0.051083331291666666,44.408604303333334
2016-08-10,971.5,51.90833377916667,10.701291680416666,49.20754194208333,14.400291680833334,1.7172917025833332,0.050625001375,43.39229170583334
2016-08-11,995.5,55.82095893375,10.429041584166667,49.332665920000004,13.992499986250001,1.437916701,0.15854166941666667,45.708583355
2016-08-12,1019.5,41.03233337458334,15.284166693333333,39.27279186291667,12.992958426541668,1.4658333162916666,0.050625001375,45.33320840208333
2016-08-13,1043.5,51.09491697958333,17.409875035416665,48.91720867083333,14.150083222916665,2.09304167825,0.15233333404166666,46.53258323625
2016-08-14,1067.5,49.541708310416674,14.819958328333334,47.33887513458333,11.720916629125,1.9501249739166668,0.15366667008333332,47.06358337375
2016-08-15,1091.5,49.11941703083334,15.772833307916665,46.90225013083333,12.686916710124999,2.1175416607916664,0.27141666908333334,47.16425005583333
2016-08-16,1115.5,32.02733326083334,8.942291736708333,30.359708308333335,7.055416623666667,1.3770833115416667,0.110166668875,45.44306278333334
2016-08-17,1139.5,40.2994586625,12.572208205541665,38.92645828041667,10.297874987458334,1.2345416893333334,0.10125000275,44.35368744625
2016-08-18,1163.5,47.227708499583336,15.643708427916666,45.50491650833334,12.700374961583334,1.5059166699583333,0.1598750005,46.11141681666667
2016-08-19,1187.5,53.04258330583334,18.107916553749998,51.66591692083333,14.893958370833333,0.8005000054583333,0.21591666841666668,48.079833666666666
2016-08-20,1211.5,52.63783343625,18.2475000225,50.53995815833333,14.820250074583333,2.0496666581666667,0.10125000275,42.595812162083334
2016-08-21,1235.5,50.0408334725,17.465583364583335,48.30741659791667,14.48849996,1.4213333130416668,0.0,40.902000270416664
2016-08-22,1259.5,51.381208100833334,18.840791622083334,49.69787486291667,15.682499964583334,1.7867499889999998,0.0,43.59372933708334
2016-08-23,1283.5,51.49283345625,18.750041565,49.64095862583333,15.569749832916665,1.6173749912916666,0.0,45.607874394166664
2016-08-24,1307.5,50.20150009708333,18.111333450416666,48.24595832916666,15.003416657916667,1.6052916695416666,0.0,45.91918770541667
2016-08-25,1331.5,49.90825001333334,17.943749984583334,48.316124916666666,15.078333179041666,1.3345416635833331,0.0,45.30577087375
2016-08-26,1355.5,43.75133339541667,15.5877916025,42.038083235,13.213041624166665,1.5121249904583334,0.0,38.759729068333336
2016-08-27,1379.5,41.50016689291667,14.460500123333333,39.83891661875,12.18312501875,1.2393749853333333,0.0,36.800479253333336
2016-08-28,1403.5,42.67625013958334,14.666375040666667,40.994916440000004,12.4424583905,1.4095416763750002,0.0,37.39562479625
2016-08-29,1427.5,42.03062502583333,14.519750038749999,40.218749682083335,12.228958327500001,1.5173750022499999,0.0,37.935854435416665
2016-08-30,1451.5,40.41816647875,13.465708254583333,38.564583460416664,11.263958256666667,1.4645833074583334,0.0,37.056874514166665
2016-08-31,1475.5,42.63800049,13.402999880000001,39.83300018,10.66899967,2.579999924,0.0,33.48600006
2016-09-01,1499.5,42.86829201375,13.434166709083334,41.13229179375,11.0997916655,1.4818749826250002,0.0,39.721124967083334
2016-09-02,1523.5,43.63966719333334,13.811249971583335,41.82145818041666,11.437041679875,1.4873333324999998,0.0,40.84716685666667
2016-09-03,1547.5,43.6291252775,13.751875122083334,41.78899971625,11.471666732333333,1.5726666302916668,0.0,40.58164580625
2016-09-04,1571.5,42.29233328541667,13.109666665874999,40.3213750525,10.8037917205,1.4076666832083333,0.0,39.93158356375
2016-09-05,1595.5,42.32729148791667,12.739833313708333,40.49112494791667,10.486708283541667,1.306833336625,0.050625001375,39.13510402083333
2016-09-06,1619.5,39.99220864083333,12.247458339291667,38.06316677666667,9.909250059916667,1.7110833326666668,0.06929166616666667,32.88208333708334
2016-09-07,1643.5,39.360499859583335,12.443083246458334,37.135916709583334,10.051000058666666,2.0273333439166668,0.0,31.7376875075
2016-09-08,1667.5,40.3762501075,12.059083383291666,38.166916846666666,9.597583373041667,1.985500022875,0.21054167049999997,35.41810393375
2016-09-09,1691.5,41.78966649416667,12.746749997,39.71837488791667,10.23645822225,1.8839583247083331,0.10258333383333333,38.48508326208333
2016-09-10,1715.5,43.28708394291667,11.566958328875002,40.91000000625,8.90170838375,2.313458338291667,0.31000000729166666,38.10047928541667
2016-09-11,1739.5,40.962458135,13.141083359083334,38.795708338749996,10.685416658000001,2.22954166425,0.3668750076666667,34.45681246
2016-09-12,1763.5,42.44941679625,13.723875046666668,40.22541634291667,11.041666706458335,1.8532499918333334,0.4197500000416667,35.98562502875
2016-09-13,1787.5,41.14750019708333,12.551166694125,38.781291644166664,9.889083405208334,2.249999965375,0.3771666685833333,38.40264542958334
2016-09-14,1811.5,41.2906247775,12.0276666495,39.472541809166664,9.648875018083332,1.863333314625,0.158583328125,33.92572927458333
2016-09-15,1835.5,38.19116640041667,11.064374983166667,35.841499965416666,8.828083296583333,2.129583383625,0.11104167004166665,28.615729173333335
2016-09-16,1859.5,37.814249515,11.566916664625,35.266417105833334,9.598750014750001,2.661916702875,0.16212500133333332,26.125541609583333
2016-09-17,1883.5,39.608250301666665,12.118375022499999,36.51716661458333,9.774083257500001,3.0560416628333336,0.31312500433333335,34.01733318958333
2016-09-18,1907.5,40.421583335,11.727499961208332,36.86462497666667,9.047041614500001,3.6487915814166665,0.7005833337083334,35.5646247875
2016-09-19,1931.5,40.100416978333335,12.017249941291666,36.148708182916664,8.927458365666666,3.858499964083333,1.4331249792083334,33.6144583225
2016-09-20,1955.5,40.03054189625,12.024208426416665,36.157583476250004,9.066999932083332,3.844541619458333,0.9359583307916667,32.63489556416667
2016-09-21,1979.5,40.219124953333335,12.027708372583334,36.41787457458333,9.132958253666667,3.930958330416667,0.8079583345833333,30.88614551208333
2016-09-22,2003.5,39.1126251225,12.411624949208333,35.762250185,9.671249985625,3.3275832932916667,0.6916250089166667,32.50670854291666
2016-09-23,2027.5,39.7059167225,13.172499974583333,36.270416894166665,10.3167917525,3.6035833158333332,1.0154583305833333,33.75177065541667
2016-09-24,2051.5,41.74795818375,14.247500062916666,38.23170844708333,11.301833311291666,3.4373332759583337,0.7422916591250001,35.958270946666666
2016-09-25,2075.5,39.70604165375,12.715208372083334,36.14429163916667,9.872333308041666,3.59508332625,0.9398750016666666,37.569520473333334
2016-09-26,2099.5,34.17037495,9.772833326999999,31.063291867083333,7.364916662333333,3.1980416180833333,0.636083339625,37.880770524999996
2016-09-27,2123.5,42.44587500875,13.933375001249999,38.42158333458334,10.537999986916667,4.169999957208334,1.2366666743333334,38.40264574625
2016-09-28,2147.5,39.37445783666667,12.777916589583334,36.06716680541667,10.007583319916668,3.591375033375,0.6178749948750001,29.934083143333336
2016-09-29,2171.5,37.53508321458333,11.511125047999998,34.50470829,9.166416644625,3.3117916189166667,0.5086666643333334,21.94156265125
2016-09-30,2195.5,36.976667005416665,11.724124988291665,34.203000307083336,9.585333287583333,2.9288333505,0.11683332916666667,23.02189564625
2016-10-01,2219.5,37.3640001625,11.964833300083333,34.216375032916666,9.777416645625001,3.2542916935416666,0.37220833200000003,28.45095801416667
2016-10-02,2243.5,36.613625050416665,11.957958221875002,33.36754171041667,9.784208397291666,3.420749962375,0.2634166577916666,29.558645725833333
2016-10-03,2267.5,38.04804150333333,12.802541654416666,34.767000118333335,10.460916697916668,3.2447500032083334,0.453083331375,32.68979152041667
2016-10-04,2291.5,37.58037535333333,12.264875053166667,34.66758346541666,10.07683334675,2.9664999941666665,0.211874991625,31.005166928333335
2016-10-05,2315.5,39.14058383375,13.266749978333335,35.58791661208333,10.453083394958334,3.755083297583333,0.8302500049166667,33.504541557083336
2016-10-06,2339.5,39.09512472041667,13.305208405,35.23737478208333,10.326958397208333,3.9575833380416667,1.1004583390416667,30.932041883750003
2016-10-07,2363.5,39.967833201249995,12.568708500416667,35.628166675833334,9.664625009041666,4.373333295125,0.9471249927916667,25.28320845083333
2016-10-08,2387.5,39.388375044166665,12.390625041166667,35.57791646291667,9.524875004708333,3.9260416825833335,0.9332083462499999,29.155937592083333
2016-10-09,2411.5,38.379749695,11.950874984958332,34.784916797499996,9.086041688666667,3.6861666539583333,1.1943749885000001,26.418479204583335
2016-10-10,2435.5,41.20679155916667,12.607041755375,37.34154192666667,9.426666717,3.74479165675,1.1168333342916668,27.114249865833333
2016-10-11,2459.5,41.21037483291666,12.610541780833332,37.34041674916667,9.424458363791667,3.9263749720833334,1.24654168875,26.976937612916668
2016-10-12,2483.5,41.42674986625,12.778041760333332,37.86637504833333,9.714833298708333,3.611666669375,1.2087083259583333,25.393062512916668
2016-10-13,2507.5,42.26441637583333,13.060833454749998,38.1334581375,9.814208249166667,4.108999977541667,0.9852500011249999,26.16220839916667
2016-10-14,2531.5,42.34825023125,13.392374992916666,38.21499999458333,10.104708354041668,4.120125025708333,1.0617083360416666,24.230354390000002
2016-10-15,2555.5,41.10216681166667,13.168958385416666,37.48333311125,10.240833361333333,3.7157499888333336,0.8764166732083334,26.601416826666668
2016-10-16,2579.5,41.02191638958333,13.399291674166667,37.02208320291667,10.315749923291667,3.8728749852083335,0.9812499979583333,29.760166485833334
2016-10-17,2603.5,40.822999635,13.500624974541667,36.573000113333336,10.161666729833334,4.179999967333333,1.4205833324583335,29.77847925875
2016-10-18,2627.5,40.70424954125,13.375000001666665,36.61558326041666,10.112374941125,4.044541647125,1.344750001875,30.300187429583332
2016-10-19,2651.5,41.36741669916667,13.437791625416667,37.63870795541667,10.382666687541667,3.904458324041667,0.8739166609166666,30.291208426666667
2016-10-20,2675.5,39.007958332083334,12.551166673208334,35.49637484583334,9.837666690458333,3.6972500185,0.7391666570833334,27.004479011249998
2016-10-21,2699.5,41.78970829666667,13.905541619166668,37.6029586,10.942374984708332,4.066416651208333,0.8275833230416666,27.70933334125
2016-10-22,2723.5,41.0882077225,13.113041719583334,37.0656664375,10.259958347291667,3.8736666739166665,0.8154999960416666,25.896708092500003
2016-10-23,2747.5,40.45991675041667,12.12883333375,36.695958456666666,9.330666621458333,3.7282083630000002,0.6481666565416667,24.926229080833334
2016-10-24,2771.5,40.74254163041667,12.823458274583333,36.638958295,9.846499940125,4.239833345,1.0515000025833334,26.720562538333336
2016-10-25,2795.5,40.41795810083333,12.397666652916667,36.57087524708333,9.45466673375,3.9140833117916665,0.9199166546666667,23.55274963416667
2016-10-26,2819.5,41.35695791208333,12.052166700374999,37.9323329125,9.360791761958334,3.353958308458333,0.5227916587916667,20.870458204583333
2016-10-27,2843.5,38.910333792500005,10.886375090375,35.30216685875,8.345583280083334,3.7342499942083336,0.631166666625,21.14495841625
2016-10-28,2867.5,40.99737564791666,11.765833338791666,37.70449988041667,9.241291582416666,3.3821667033750002,0.22254167000000002,20.650479156666666
2016-10-29,2891.5,41.23479159791667,11.96841673075,37.856499989999996,9.285916706208333,3.417875011708333,0.36158333220833333,16.75968754375
2016-10-30,2915.5,39.46520868875,11.94054158575,35.753417015416666,9.301541686416668,3.6718750197916665,0.6254583299583333,20.61406262708333
2016-10-31,2939.5,33.92599869,8.795999527,30.37100029,6.566999912,3.7630000110000004,0.0,19.64349937
2016-11-01,2963.5,22.366041620833332,3.7310832937916665,18.291541496666667,3.2122083504166667,4.1976249665,1.2215416579583334,18.334395726249998
2016-11-02,2987.5,20.519583305,4.589791655541666,16.2074583375,3.0434999764583335,4.509041637166667,1.546208336875,20.36683329
2016-11-03,3011.5,19.570333322083332,3.0505416591666665,15.359749952916667,2.6347916523749997,4.122875024833333,1.3969999848333332,19.634437362083332
2016-11-04,3035.5,26.048291922083333,8.341958344250001,21.386541764166665,5.602500011541667,4.712250043916667,1.9013749860833336,21.82245834708333
2016-11-05,3059.5,28.306624889166667,8.142958263583333,23.839333373749998,5.386874993625,4.525249977875,1.9986666540833333,24.605708123333333
2016-11-06,3083.5,31.206958293750002,8.834000010916666,26.294166644166665,5.727500011541667,4.96995832525,2.065749938625,25.7684582875
2016-11-07,3107.5,39.96075010333333,12.118374903791667,35.655041695416664,8.826916754333334,4.352458328083333,1.50308328875,23.031020879166665
2016-11-08,3131.5,41.231250127083335,12.498916746541667,37.208708127499996,9.401000062583334,3.724791685708333,1.007874985625,17.235708316666667
2016-11-09,3155.5,43.33604160875,14.132291714583333,38.643833318750005,10.474250097833332,4.721458355625,1.8075416633749999,17.537875097916665
2016-11-10,3179.5,42.913667042916664,12.760625045833335,38.757833480833334,9.327083249583334,4.2224166095,1.422458321,17.565249959583333
2016-11-11,3203.5,43.231166521666665,13.451791763333333,38.7365417475,9.832083404208333,4.619166672166666,1.9477499624999999,20.86120816125
2016-11-12,3227.5,42.80187511333333,13.032999912958333,37.887666860416665,9.182083309083334,4.888083299,2.2008749695416667,22.344395796249998
2016-11-13,3251.5,41.33245817791667,12.289416750416665,36.46249977708333,8.453916708374999,4.781208326458333,2.47300005,25.16416676791667
2016-11-14,3275.5,39.77587509166667,11.601875106666668,36.043708244583335,8.565541605249999,3.615916659375,1.3842083415,26.82131258708333
2016-11-15,3299.5,42.23295815833333,12.568749984999998,37.56062475875,9.131833314625,4.750999967208333,1.7255416613333334,24.770479202083333
2016-11-16,3323.5,42.74616638791667,12.921208222708332,38.41370852833334,9.613208294,4.2929166059999995,1.2197916904583332,22.14297930541667
2016-11-17,3347.5,41.45470857541667,12.40120828125,37.32491683875,9.1665000315,4.12329166125,1.4729999999583334,21.648562670416666
2016-11-18,3371.5,41.11266692541667,12.826916694625,36.924874942500004,9.714791675541667,4.348541656958333,1.08200000225,24.138666629166668
2016-11-19,3395.5,42.56804148375,12.753750007541667,38.28983354458333,9.451333443416667,4.42174998925,1.2308333266666667,26.23520843125
2016-11-20,3419.5,42.306208133333335,12.474458297,37.85750007625,9.135291635958334,4.6501666705,1.0656250119583333,24.807041724583332
2016-11-21,3443.5,42.46333313,12.467416645416668,37.96366675625,9.187624970958334,4.484541614916666,0.9395833314166667,24.138708274166664
2016-11-22,3467.5,43.88395833958333,13.853166540458332,39.697083155,10.468749960416668,4.267208327833333,0.9852083374583334,13.417979081124999
2016-11-23,3491.5,47.83845806041666,14.847833316249998,43.59845844833333,11.271708408416666,4.350666671916667,0.7854166677916666,5.9014791447083335
2016-11-24,3515.5,47.656958421666666,14.146249969583332,42.89354165375,10.405083378333334,4.760249982125,1.0386666606666666,9.444645821916668
2016-11-25,3539.5,45.5942085575,13.347125014208332,40.85424995375,9.691458284833333,4.731124967166667,1.145875011625,12.301083287041665
2016-11-26,3563.5,46.561041672500004,14.149874886249998,42.069416682083336,10.562499959541666,4.518666664666667,0.99679167075,13.335624973499998
2016-11-27,3587.5,45.46512492541667,13.797416686666667,40.321458657916665,10.071083188041667,5.161791642541666,1.6049999942083335,15.780000051333333
2016-11-28,3611.5,44.41795826,13.109625061291666,40.045583327083335,9.765083411958335,4.316541671875,0.809708332,16.036395907875
2016-11-29,3635.5,45.454542000000004,14.324375072916666,40.72683350166667,10.683208266916667,4.511125038166667,1.15841667825,16.7413542675
2016-11-30,3659.5,45.4999581975,14.306791622208335,40.85295820291667,10.677541772749999,4.600916673791667,1.31850001225,17.034395694583335
2016-12-01,3683.5,44.64491669333333,14.383624951249999,39.94058338833333,10.658708254958333,4.849458346833333,1.5419166385,18.316041827499998
2016-12-02,3707.5,44.519250551666666,14.443,40.1583331425,10.816250006416666,4.485166648791666,1.7611249635416666,18.901916704166666
2016-12-03,3731.5,45.74779160833333,14.764083424916665,41.261958123333336,10.980291584416667,4.813416659833334,1.4465833355,17.47377089833333
2016-12-04,3755.5,44.10383335708334,13.437749981458333,39.51495862041667,9.8601250055,4.710125029208333,1.4365000079166668,20.659791669166665
2016-12-05,3779.5,41.86304156083333,12.39779166475,37.67666729291667,9.131833234791667,4.1709166865,1.2792083470833333,20.549979171249998
2016-12-06,3803.5,44.45637512208333,13.525000095416667,39.6044583325,9.799666563708334,4.861708352958334,1.588958323,15.999791700833333
2016-12-07,3827.5,45.241583347500004,14.153416672958334,40.893292109583335,10.552416662333334,4.381041656,1.5381249884583335,16.677250068
2016-12-08,3851.5,45.091666539583336,13.720458308875001,40.5884164175,10.009708304541666,4.518458356333333,1.5038333386666667,18.361812631666666
2016-12-09,3875.5,44.438874721249995,12.809583387291667,40.823000112083335,9.608874957083334,3.7664166390000005,0.860416665625,17.510395885416667
2016-12-10,3899.5,45.8804586725,13.901999910833332,40.83187516458333,9.950541614791666,5.203625102875,1.8749583414583333,15.706854106249999
2016-12-11,3923.5,45.384791534583336,13.612208287083334,40.370708465,9.589708328166667,4.990041653458333,2.1306666583333334,16.48500001625
2016-12-12,3947.5,46.037624835416665,14.345291495416667,40.89887523708334,10.311250030791667,5.15466672175,1.7386666832916668,19.341478983333335
2016-12-13,3971.5,45.07070843333333,12.956125101625,40.61862532375,9.541749954125,4.347624987416666,1.2145000100416667,16.558270772916668
2016-12-14,3995.5,46.50516653083333,12.5232917075,41.82808335708334,9.034666677125001,4.662166655125,1.1376666725,11.953125038708334
2016-12-15,4019.5,48.71112505666667,14.013583462083332,43.08804178291666,9.736041645916666,5.614041666166667,1.9481250197083335,11.257354240375
2016-12-16,4043.5,43.7303748925,11.626333256666667,38.5622502175,7.985916634166667,5.102333366916667,1.3087499787916668,12.062916656250001
2016-12-17,4067.5,26.613791625833333,4.882999956625,21.708125034583333,3.287041674041667,4.86074997975,1.419333348625,12.6123124955
2016-12-18,4091.5,15.626249949583332,3.2424583236249997,24.453541597500003,3.3394583464166665,5.307124992166666,1.6204583347083332,14.882833043958334
2016-12-19,4115.5,45.09854118083334,14.107874930083334,40.143833477916665,10.409666637333332,5.03270836675,1.4889583389166667,19.46050008083333
2016-12-20,4139.5,49.57324997625,15.545958319999999,44.984583378749996,11.728708267416666,4.455499996791667,0.972749993125,17.757624985833335
2016-12-21,4163.5,49.06354204791666,15.32250014875,44.59591643041667,11.77895828175,4.7030833165,0.9075000037083334,17.217395704166666
2016-12-22,4187.5,48.31662543625,15.1375000075,43.627499739583335,11.53204176725,4.499375055291667,1.0293333332083334,16.78714589375
2016-12-23,4211.5,50.006041527916665,15.975166679166668,45.05379152208334,11.835833232666667,5.03929162025,1.6883333524583335,15.405708391833334
2016-12-24,4235.5,49.84191671958334,15.772708456250001,44.971125126666664,11.775624951,4.854958295916666,1.5329583485833334,13.494333267916666
2016-12-25,4259.5,50.12820832,15.884499866666665,45.15991640041667,11.941958348166667,5.154375016541667,1.1442916541666668,14.684583425833333
2016-12-26,4283.5,49.79658333333333,15.894916692916667,45.24700021791667,12.230166594666665,4.356500039375001,0.923541660125,14.400645852916668
2016-12-27,4307.5,51.98500013416666,16.2649167775,47.57791694,12.33845824025,4.287708312333334,1.0403749695416666,12.65195838575
2016-12-28,4331.5,51.981333256666666,15.92987505625,47.68854188958333,11.843708276208334,4.177583356458333,1.1967499951666667,10.4088958495
2016-12-29,4355.5,53.231125354583334,16.666375121666665,48.91937462541667,12.495958368541666,4.147000004833333,1.097166662375,11.196312387291668
2016-12-30,4379.5,50.613333384583335,15.287583390833333,46.69783353916667,11.544333298791665,3.9008333385,0.9319583325416666,11.745583354916667
2016-12-31,4403.5,52.02000046,17.42399979,47.52700043000001,13.08100033,4.381999969,1.215000033,10.68350029
2017-01-01,4427.5,48.67266670875,14.875875036666665,45.0716252325,11.353416721958332,3.7847083010416664,0.8377500077083333,16.021145819833333
2017-01-02,4451.5,49.56616671958333,15.661125221666666,45.45362536,11.826874930999999,3.9087083739583335,1.1022083211666667,18.96904174375
2017-01-03,4475.5,48.107208569166666,15.186374942083333,43.596208095,11.252875090000002,4.455833335625,1.6609999737083332,17.99868746583333
2017-01-04,4499.5,48.88204145416666,15.695916692916667,44.6057917275,11.734208226458334,4.420541614208333,1.3962916432916668,18.685354073333333
2017-01-05,4523.5,49.883874735,15.870541730833333,45.66583331416666,12.22895828875,4.146250029291667,0.7635416636666666,15.481104137083333
2017-01-06,4547.5,48.45283365291667,14.826916653749999,44.1523329425,11.108708362416666,4.3796666760416665,1.06162498875,14.400624989583333
2017-01-07,4571.5,48.428249835833334,14.593041777083334,44.35683361624999,10.947875001749999,4.128125002083333,1.0555000105416668,15.178999822916666
2017-01-08,4595.5,49.115916569999996,14.77458326075,45.30958334625,11.328791678541668,3.8802083531666667,0.7035833349166666,13.228708267499998
2017-01-09,4619.5,51.38116661749999,16.46750020958333,46.46112521458334,11.927416602916667,4.834166675666666,1.8957916300416666,14.025250037916665
2017-01-10,4643.5,51.51374975916667,16.57204167,46.74916680625,12.113916714583333,4.678624997541667,2.009041686708333,14.025187610833333
2017-01-11,4667.5,50.477166335,16.47091662833333,46.15958356791666,12.043666641125,4.40991672875,1.9409166872083334,15.480937600833334
2017-01-12,4691.5,50.64120833041667,16.223083257083335,46.40295823458333,12.110583305416666,4.282249967166666,1.4507916917083332,15.087270815416666
2017-01-13,4715.5,49.622124990416665,15.580833394583331,44.728708426666664,11.243874986208333,4.8521666823750005,1.873666673625,14.528874953416667
2017-01-14,4739.5,48.68670829166667,14.645416735458333,44.746666590833335,10.788166701291667,3.840708305416667,1.2444166890416668,13.915416638291667
2017-01-15,4763.5,49.657000065,14.893208304583334,45.04037491375001,11.065124989333334,4.622083326125,1.2401666739166666,12.514666755333332
2017-01-16,4787.5,49.55566644666666,15.33658337625,45.30283339875,11.604666670375002,4.205958296916667,0.8976666826666667,12.807604233291668
2017-01-17,4811.5,34.767208337916664,8.687416652083334,31.124916554583333,6.38654168375,3.710499962208333,0.7827083318333333,12.130041678333333
2017-01-18,4835.5,42.648416520000005,12.425625006125001,38.877208072916666,9.374083280291666,3.7423750360416665,0.8844166795,12.08424993375
2017-01-19,4859.5,46.1387084325,14.045125046916667,42.68366654666667,10.865291674291667,3.506125032916666,0.33187500141666665,13.210354209583334
2017-01-20,4883.5,48.99033355666666,15.162083308749999,45.61325009708333,11.849291722291667,3.2166665991666665,0.3211666593333333,11.269479234333334
2017-01-21,4907.5,47.73733345666667,14.893291832083333,44.226208210416665,11.728708347375,3.4022499719583332,0.15545833604166667,9.603270808291667
2017-01-22,4931.5,45.06375010791667,13.085291705000001,42.09958299,10.4698749985,2.8256667157083335,0.0,10.683604131166668
2017-01-23,4955.5,45.301041921250004,13.385374982500002,42.719500223333334,11.03616666775,2.411999970833333,0.0,11.681479275416669
2017-01-24,4979.5,43.22433344541667,12.65933326825,41.19150002791667,10.607249974583334,2.164000034,0.0,12.212416687916667
2017-01-25,5003.5,41.953708330000005,11.975333293375,40.174041270833335,10.144958337124999,2.164000034,0.0,14.244958360416668
2017-01-26,5027.5,39.05675005916667,10.261541704375,37.26666681,8.696166614916667,2.164000034,0.0,15.096416711333333
2017-01-27,5051.5,37.82833306041667,8.977166573749999,35.88841692625,7.450916628041667,2.164000034,0.0,13.063937505250001
2017-01-28,5075.5,37.02895863833333,9.416874965708333,35.2462915575,7.993583321541667,2.164000034,0.0,15.96627088375
2017-01-29,5099.5,36.81604154958333,10.08708336125,35.093166430416666,8.677291711125,2.164000034,0.0,14.107666768541668
2017-01-30,5123.5,39.147583008333335,9.989416639749999,37.42641631708333,8.440374970625,2.164000034,0.0,10.381458301375
2017-01-31,5147.5,37.69599915,9.968000412,35.89300156,8.444000244,2.164000034,0.0,6.947999954
2017-02-01,5171.5,41.545374870416666,10.533916613333334,39.670374869999996,8.74983332525,2.164000034,0.0,9.804729301791667
2017-02-02,5195.5,42.04100004958333,11.092208425208334,40.105916818749996,9.221124986916667,2.164000034,0.0,9.96016667275
2017-02-03,5219.5,42.177124658333334,11.549500028750002,40.21650012333333,9.699124911916668,2.164000034,0.0,11.086499968916668
2017-02-04,5243.5,42.30633354125,11.727500041041667,40.508000056250005,9.892333248666667,2.164000034,0.0,13.5400624675
2017-02-05,5267.5,42.77754163833333,12.272083323875,41.06858332958333,10.416291693916667,2.164000034,0.0,15.160458405416668
2017-02-06,5291.5,43.42316691083334,12.809499979791667,41.47850004958333,10.737874964833333,2.164000034,0.0,13.366104125833333
2017-02-07,5315.5,42.480874855833335,12.062583446541666,40.58720811208333,10.041999975583334,2.164000034,0.0,11.443458338666666
2017-02-08,5339.5,47.19970814375,13.867124955041668,44.687458515416665,11.278541525916665,2.518666724,0.0,8.229875067708333
2017-02-09,5363.5,47.04270776125,14.024166704166667,44.309958457499995,11.338833411416667,2.5215833880416665,0.10216666258333333,10.912458319958333
2017-02-10,5387.5,46.8227912575,14.202166677083333,43.72908306083334,11.173541585666667,3.215749998916667,0.3691249985833333,11.663208445208333
2017-02-11,5411.5,44.735625585,13.462208310041667,41.77458333958334,10.599416693125,2.977166672208334,0.263833334,11.663187573208333
2017-02-12,5435.5,44.424874782500005,12.7466250245,41.43158308666667,9.943833331291666,3.105083366,0.31495833391666667,13.45766679425
2017-02-13,5459.5,43.51045831,12.5303750045,40.694499969166664,9.953833440875,2.5870833596250002,0.0,17.19300011754167
2017-02-14,5483.5,41.692082882916665,12.107916633583335,38.76108320416667,9.379874944625,2.768375009125,0.4179583389583333,17.321145811541665
2017-02-15,5507.5,42.60983324,12.795583248333335,40.11375029916667,10.27783334275,2.4466666775,0.051083331291666666,20.333291689166668
2017-02-16,5531.5,42.26791652041667,12.54787500875,39.763041655833334,9.918125033625,3.124000072,0.20341667033333333,22.24672905583333
2017-02-17,5555.5,42.920666535416665,12.980666637958334,40.08458328208334,10.159333289000001,2.8057499925833334,0.401124998875,17.22962502625
2017-02-18,5579.5,34.28566686333333,9.245833277708334,31.244291862083333,7.02087501725,2.9834583301666666,0.5165833285,16.08527076275
2017-02-19,5603.5,37.21037483208333,10.565208395791666,33.94279178041666,8.016041596708334,3.2991249660416666,0.6476250041666667,20.269104043333332
2017-02-20,5627.5,41.37791713,12.017166693875,38.04066658041666,9.308250030416668,3.2824583352083336,0.48908332483333333,16.533749857916668
2017-02-21,5651.5,48.19804207541667,14.99799994625,44.91862487708334,11.918583273916667,3.348041638833333,0.36466667049999996,11.196249922083334
2017-02-22,5675.5,49.96058352708334,15.07483339375,46.97375011416667,11.881624975416665,3.0482500192083335,0.262041673,9.2828958625
2017-02-23,5699.5,50.4143335025,14.70474994125,46.76829115416667,11.171416639916666,3.4698333244583335,0.276708334625,11.937916756333335
2017-02-24,5723.5,48.641291618333334,14.669833343083333,44.292041779583336,10.9546249505,4.485749989666666,1.2447499880833333,14.629500071125
2017-02-25,5747.5,48.15262540083333,14.875750065416668,43.65770832791667,10.949083327375,4.548458327833333,1.5538750240416668,16.74439581175
2017-02-26,5771.5,45.77920850125,14.198708414583335,42.177708467083335,10.743541657583334,3.531250010166667,1.1500416745,19.179708441666666
2017-02-27,5795.5,45.05675013916667,13.6506665945,41.61924997958334,10.515750070125,3.2679166397916664,0.8307083298333334,18.77689576208333
2017-02-28,5819.5,46.43529160833333,14.0940000225,42.293833256250004,10.574833234,4.055583397625,1.1478333422916667,21.27631263
2017-03-01,5843.5,45.269583383749996,13.86708323125,41.8258752825,10.682166556541667,3.5959583222916667,0.7187499999166667,19.50935423375
2017-03-02,5867.5,45.94316657375,14.03804159125,42.738416512083326,10.874166647416667,3.4657500236666667,0.8147083322083333,16.433083255875
2017-03-03,5891.5,45.24170859625,13.528458317499998,42.15429178833333,10.5457917845,3.3785416287083336,0.520666663875,18.181770920416668
2017-03-04,5915.5,49.09154144875,14.519750039583334,45.42237520166666,10.924458345,3.7306666771666666,0.7720416784166667,20.635333180416666
2017-03-05,5939.5,41.98866701125,12.163750012708334,39.261416912083334,9.610916713666667,2.852083364958333,0.10929166775,20.25995826666667
2017-03-06,5963.5,42.55766646,12.1113750145,40.506791749583336,9.860166629250001,2.0737499595,0.0,19.051541645416666
2017-03-07,5987.5,42.843833447083334,12.544291655291666,40.85304164958333,10.198416650250001,2.038208350375,0.22966667016666667,18.511354287
2017-03-08,6011.5,44.222458681250004,13.580916604333334,41.57349983833333,10.797124943,2.4052499383333337,0.37229166920833334,19.133854110416667
2017-03-09,6035.5,43.61862500458333,13.340166688333333,40.60395813,10.229708274125,3.30495834325,0.6333749988333334,20.03114585125
2017-03-10,6059.5,46.009500027083334,15.057291706666668,42.07162507416667,11.56224997775,3.8229583303333334,1.1998750070833333,22.658708174583335
2017-03-11,6083.5,45.52783377958334,14.830416639583333,41.536666870833336,11.181375144916666,4.068166713041667,1.2405000230833334,23.327020805416666
2017-03-12,6107.5,45.69191694125001,14.729208349166667,42.373166401666666,11.63600003675,3.394416655083333,0.5992083300833334,20.617145937083333
2017-03-13,6131.5,46.91712490708333,14.14629153375,45.31279166625,11.652666727833333,1.4112083315416666,0.0,13.973770816666667
2017-03-14,6155.5,51.40575027458333,15.141000031666666,49.745791275833334,12.207750002916667,1.410291657,0.0,18.932500004583332
2017-03-15,6179.5,45.76525004625,14.812833348749999,44.26195859875,12.354124902875,1.1958749989166666,0.0,18.75860416833333
2017-03-16,6203.5,46.58199993791666,15.542458495,44.91866652125,12.953875025,1.3545000006666665,0.0,19.838833252083333
2017-03-17,6227.5,45.611749807083335,14.784958362916667,44.041833082083336,12.392083367083332,1.107875004375,0.0,18.319145677916666
2017-03-18,6251.5,47.18233315125,15.465541640833335,45.38770834583334,12.670208374291667,1.5289583355416667,0.0,18.767749945000002
2017-03-19,6275.5,46.67608293,14.778083364166667,44.975666680833335,12.208916624125001,1.4037083388333336,0.0,16.890875140833334
2017-03-20,6299.5,46.08637475916667,14.093875130541667,44.507541339166664,11.67841672825,1.327791661125,0.0,16.423937597916666
2017-03-21,6323.5,46.14204168333333,14.676958481666667,44.715332985,12.312708417916667,1.0861250013333332,0.0,20.78189587625
2017-03-22,6347.5,48.09325011541667,14.641874909166667,46.34608284625,11.927333434916667,1.4530416429583335,0.0,15.444416524166668
2017-03-23,6371.5,48.8612915675,15.081750154583332,47.35116656583333,12.439041534166668,0.7084583292083333,0.0,16.62533338875
2017-03-24,6395.5,49.06012519208334,14.900333285833334,47.72320874416667,12.305000106666668,0.9120000005416666,0.0,15.719083348749999
2017-03-25,6419.5,47.22075001458333,14.5581666625,45.7564582825,12.078166644583334,0.9426250010833334,0.0,18.932583330833335
2017-03-26,6443.5,42.75308338833333,12.212583303833334,41.43166685125,10.073416669708333,1.0577083379166667,0.0,20.955770969166668
2017-03-27,6467.5,44.222667058750005,13.734500050833333,43.52800003791666,11.760041633083333,0.2647500038333333,0.08883333204166667,23.317812362083334
2017-03-28,6491.5,42.491374970416665,12.732625087916666,41.34562492375,10.756916663250001,0.582749997625,0.0,25.469354312916664
2017-03-29,6515.5,43.53841686166667,13.14804160525,42.27716636708333,11.001541674333334,0.7782916724166666,0.0,23.903854210416668
2017-03-30,6539.5,45.15450016666667,14.216208299166667,43.74249982875,11.9531250005,0.990125010375,0.0,18.630395769583334
2017-03-31,6563.5,44.90000153,15.58100033,43.26399994,12.94699955,1.279000044,0.0,15.07849979
2017-04-01,6587.5,43.46870803791666,13.144541700416667,42.434583186666664,11.145583332874999,0.411791662375,0.0,22.274166861666668
2017-04-02,6611.5,44.250333149999996,13.59137487375,43.473416646666664,11.613541761666667,0.0,0.0,25.167270660416666
2017-04-03,6635.5,43.245208104999996,13.437874914124999,42.399957975,11.380208373375,0.3011666635416667,0.0,28.43564565875
2017-04-04,6659.5,40.47741683208333,11.971833308374999,39.78979174333333,10.188499947416666,0.0,0.0,27.730729102500003
2017-04-05,6683.5,42.571541627500004,12.73262488775,41.69745842625,10.722333310875,0.34475000200000006,0.0,25.570020993750003
2017-04-06,6707.5,39.904958407916666,11.4972083185,38.88058328583333,9.652375022708332,0.4962500035833333,0.0,22.860187611249998
2017-04-07,6731.5,26.240291515833334,5.675249993583333,24.881375073750004,5.055166671833334,1.0648333280833333,0.0,23.244708379583333
2017-04-08,6755.5,34.87195857333334,9.919583281,33.68695839166667,8.301999946291668,0.7787500024166666,0.0,27.06229170083333
2017-04-09,6779.5,44.257333437916664,13.657666762083332,43.0902915,11.4728333145,0.8458333264583334,0.0,19.33535401083333
2017-04-10,6803.5,46.22620853083333,6.3907916941666665,45.76758257541667,5.447208324833333,0.46458334225000003,0.0,13.861562530291666
2017-04-11,6827.5,50.68000031,0.0,50.6629982,0.0,0.0,0.0,9.999937455458333
2017-04-12,6851.5,50.68000031,0.0,50.6629982,0.0,0.0,0.0,16.191937326625
2017-04-13,6875.5,49.2977503175,0.63874997675,49.320415179166666,3.2680416116666664,0.0,-8.667333284166666,19.570333540333333
2017-04-14,6899.5,25.908708095833333,-1.1308749716250002,43.20974985583334,7.444166659958333,0.0564166655,-31.46199989,29.622812667916666
2017-04-15,6923.5,21.793625195833332,-2.6980832615000003,44.30329163541666,4.5904583727083335,2.6520832875416667,-31.46199989,33.10179178
2017-04-16,6947.5,44.19099982583333,2.296666642,39.804333686666666,9.598624984625,4.418416698916666,-31.46199989,35.80254197125
2017-04-17,6971.5,71.30412499291667,16.327833355,36.73483403625,16.634083152208333,9.294500062041667,-31.46199989,34.52087481708333
2017-04-18,6995.5,97.38720829666666,28.711499849166668,66.14845943458333,23.830166817083335,11.909624973875,-31.46199989,42.04652071
2017-04-19,7019.5,87.86570851083333,25.11304163970833,83.8852497725,21.84662493,11.594125111416666,-31.46199989,40.288666725
2017-04-20,7043.5,43.87012529375,4.739874998791667,88.29799652000001,11.319833317541667,4.31733341,-31.46199989,31.417208273333333
2017-04-21,7067.5,43.35337479958333,3.9860000013333337,88.29799652000001,10.667624928833334,4.974333355791667,-31.46199989,29.439729451666665
2017-04-22,7091.5,44.910125255416666,4.369958361041667,88.29799652000001,11.007041692583334,4.956250011916667,-31.46199989,28.32275033
2017-04-23,7115.5,45.105541547499996,5.4867916505,88.29799652000001,11.388000091541668,5.139166712583333,-31.46199989,28.86295851125
2017-04-24,7139.5,44.03404156375,8.547874927958334,88.29799652000001,10.755833307208334,4.944208348708334,-29.392374753333332,32.25029158541667
2017-04-25,7163.5,36.17729163166667,12.477958182791667,88.29799652000001,10.810541629791667,-3.9038749437916667,-28.15699959,31.444687366666667
2017-04-26,7187.5,28.470541555833332,7.266999999708333,88.29799652000001,10.593958238333334,-9.942625005916666,-28.15699959,26.99516653875
2017-04-27,7211.5,24.879083514583332,6.073208371833334,88.29799652000001,9.455666621541667,-10.655666630416667,-28.15699959,28.533312399583334
2017-04-28,7235.5,28.861541507916666,8.317458311708334,88.29799652000001,10.463249901833334,-10.225125034291667,-28.15699959,28.63400030125
2017-04-29,7259.5,28.819708268333333,7.759000003625,88.29799652000001,9.832166572333334,-9.355875054416666,-28.15699959,32.21368726125
2017-04-30,7283.5,30.2402083875,7.7520416575,88.29799652000001,9.26687490975,-6.800208330166666,-28.15699959,34.06312505333333
2017-05-01,7307.5,20.760458350416666,2.9318750102083335,88.29799652000001,5.650500019333333,-6.6432916522916665,-28.15699959,31.0601251125
2017-05-02,7331.5,14.338249802333332,0.0,88.29799652000001,3.66341661425,-7.3509583672083325,-28.15699959,23.60775001791667
2017-05-03,7355.5,28.875541726250002,6.404666681958333,88.29799652000001,8.260708292125,-6.268958330208334,-28.15699959,26.958562452916667
2017-05-04,7379.5,27.838958264583336,6.031291643875,88.29799652000001,7.455291688791667,-4.6140000125,-28.15699959,25.7867290975
2017-05-05,7403.5,20.13575005541667,0.7190000017083333,88.29799652000001,4.650791665,-3.7767500182916667,-28.15699959,30.55660414666667
2017-05-06,7427.5,19.3575000375,1.8498749931666667,88.29799652000001,5.133333335375,-4.19849996775,-28.15699959,30.2819792425
2017-05-07,7451.5,23.399208585833332,4.788708289291667,88.29799652000001,7.675375024083333,-5.611875007666666,-28.15699959,32.14050006916667
2017-05-08,7475.5,26.271749814166668,6.715333382250001,88.29799652000001,9.192083260166667,-8.44029178225,-28.15699959,26.390937566666665
2017-05-09,7499.5,29.954124847083335,7.825291713208333,88.29799652000001,9.596416652416666,-7.108958393166667,-28.15699959,28.86287506416667
2017-05-10,7523.5,31.434000095416668,7.999916652833334,88.29799652000001,9.245874822333333,-5.296500037166667,-28.15699959,33.724562565
2017-05-11,7547.5,32.987041473333335,8.533833384625,88.29799652000001,9.558416724333332,-5.179666668083333,-28.15699959,35.26243750166667
2017-05-12,7571.5,30.5719164225,7.800875008041667,88.29799652000001,9.178708374541667,-6.1884583435,-28.15699959,29.357312202499998
2017-05-13,7595.5,28.093749999166665,7.361125052041667,88.29799652000001,9.273583332666666,-7.746375024333333,-28.15699959,34.64904197083333
2017-05-14,7619.5,28.28566670375,6.607250034708333,88.29799652000001,8.525458256458334,-7.888041694958333,-28.15699959,35.82087508833333
2017-05-15,7643.5,33.14783318791667,7.7799166240833335,88.29799652000001,8.624749899,-3.2984166839999998,-13.562874785083332,31.040916760416668
2017-05-16,7667.5,33.03949976,8.251124978083334,88.29799652000001,8.980958322625,-3.9002083241666665,-1.1376250333333333,32.683645724583336
2017-05-17,7691.5,30.81958357541667,8.153291702333332,88.29799652000001,8.993291636833334,-3.979375024625,-1.2743750114583332,32.7477916875
2017-05-18,7715.5,33.597999970416666,10.083625079333332,88.29799652000001,10.750291585375,-3.8343750535833334,-1.139916648375,36.190125307083335
2017-05-19,7739.5,29.629374742916667,7.626458386708333,88.29799652000001,9.161999981125,-5.694499978625,-1.9429999887499998,34.670416752083334
2017-05-20,7763.5,27.245625177916665,7.762583235791666,88.29799652000001,10.398374994,-10.882458338500001,-2.785374999125,36.574624856250004
2017-05-21,7787.5,24.219458262499998,5.553124944375,88.29799652000001,8.491791645833333,-10.538458386875,-2.955000043,36.27252086041667
2017-05-22,7811.5,26.331041852916666,6.5898333390833335,88.29799652000001,9.615458329458333,-10.771708528875001,-3.315791646791667,38.039541085
2017-05-23,7835.5,29.639875014583335,7.410083333791667,88.29799652000001,9.317291756458333,-8.614750116083334,-2.672583351666667,30.70608329625
2017-05-24,7859.5,25.538833459583334,5.951041658666667,88.29799652000001,8.864874959041666,-11.589416742749998,-2.7205833492916667,31.997020959166665
2017-05-25,7883.5,27.133791526249997,7.6159582935,88.29799652000001,9.771916766624999,-9.863208373416667,-2.5904166298333333,33.24216652
2017-05-26,7907.5,15.196749767083332,4.649000048625,88.29799652000001,8.952791453041666,-11.717833019291668,-2.5874167282083333,30.706020515833334
2017-05-27,7931.5,8.24766675625,2.3211249907916667,88.29799652000001,9.047708153333334,-11.972374714458333,-2.8095000385,33.242020529166666
2017-05-28,7955.5,29.723708391666666,8.914375067083332,88.29799652000001,11.070791760666667,-10.207916578125,-2.8857500055416665,39.870583294999996
2017-05-29,7979.5,29.2176248225,9.169125021083333,88.29799652000001,11.478416641833334,-10.506333231958333,-3.0064583320833336,39.99879153625
2017-05-30,8003.5,28.76033314125,8.568791647875,88.29799652000001,10.727874973833332,-9.886583407458334,-2.8795833089583334,37.719104289166665
2017-05-31,8027.5,28.89999962,9.130999565,88.29799652000001,11.76799965,-10.28800011,-2.782999992,36.68450165
2017-06-01,8051.5,32.71479153625,9.553083321208334,67.74699815083333,11.428291559583334,-9.497041662833334,-2.578333348333333,40.82279205333333
2017-06-02,8075.5,32.84750016541667,9.909041722791667,43.31587473583334,11.890499949333334,-10.334458311625001,-2.6181666852083336,39.22972885875
2017-06-03,8099.5,32.086666425833336,9.650750002125,42.5229582775,11.613583167375,-10.279416759833333,-2.828416695125,39.49518791791667
2017-06-04,8123.5,28.976749976666667,8.254583259458334,39.73279158208333,10.458749930583332,-10.5059165955,-2.6197500625416668,36.63872917416666
2017-06-05,8147.5,28.10416674625,8.066124975833334,38.31316677708333,10.011958301083334,-10.078625042875,-2.605708321,26.851812362083333
2017-06-06,8171.5,25.84937493,7.371583302875,37.36162495666667,9.813083350958333,-11.184541623041667,-2.727124979125,28.087770779583334
2017-06-07,8195.5,28.62416680625,8.443125049625001,38.782333055833334,10.214166600583333,-10.081291714791666,-2.625624979625,33.77318731916667
2017-06-08,8219.5,30.707999865833333,9.029500008291667,40.322541715,10.41058339675,-9.545416613916666,-2.627125024708333,36.81272919916667
2017-06-09,8243.5,32.15987515416666,9.525083382833333,41.37687492333333,10.955791651291667,-8.94087505375,-2.3063750117083335,38.1677083975
2017-06-10,8267.5,29.957624832916668,8.85504176275,39.92829132125,10.772583285708334,-9.720541676083334,-2.503708372291667,29.4245002275
2017-06-11,8291.5,31.577041386666668,9.657625019875,40.370666344583334,11.12212494975,-8.800916651749999,-2.5548750307916666,35.0365835825
2017-06-12,8315.5,31.845750092083335,9.992791652583334,41.08537499083334,11.485166707916667,-9.148291647541667,-2.339458371291667,33.69991684041667
2017-06-13,8339.5,16.631541629791666,2.397833307375,26.003791489999998,5.9297500257083335,-9.123166740458332,-2.5134166676666667,31.39264583625
2017-06-14,8363.5,23.05016648708333,5.68224996325,32.42504151666667,7.962458332083333,-9.33987498325,-2.334833338875,32.15270845125
2017-06-15,8387.5,28.379833141666666,7.961416602083333,37.44991644291667,9.404374917416666,-9.14520837875,-2.319875001958333,34.30416671333334
2017-06-16,8411.5,28.526291608333334,8.038166642625,37.3661250275,9.559624970416667,-8.827124973333333,-2.224208305375,35.6408332975
2017-06-17,8435.5,28.952166637083334,9.015500028833333,37.523583015,10.332500060208334,-8.479708313708334,-1.788291707791667,35.94287482916667
2017-06-18,8459.5,29.5178333125,8.802666663958334,37.84187507625,10.080083450125,-7.8427500825416665,-1.8347916501666666,35.56760406541667
2017-06-19,8483.5,35.76204149041667,10.718791643291667,37.687749465833335,10.023041705625,-1.5858749896666666,-0.15945833429166667,33.754916350416664
2017-06-20,8507.5,37.83874972666667,11.399375081208333,39.337416490416665,10.529083449958334,-1.2078333348333332,-0.15945833429166667,37.42616661291667
2017-06-21,8531.5,38.56825002083333,11.835708339625,40.43316650416667,11.214916625999999,-1.482375000875,-0.42687500016666663,36.84933328625
2017-06-22,8555.5,35.98879178333333,9.937000036333332,38.150125265,10.081166624875001,-1.7315833072916667,-0.6480833540000001,35.933749835
2017-06-23,8579.5,36.330916565,9.996416688208333,40.04000028,10.765833377708333,-3.520500029125,-1.6750833689166666,34.523937385
2017-06-24,8603.5,30.257666825,7.731083333458333,39.506124655,10.437499999875,-8.776541530958333,-3.819333285125,37.929750123750004
2017-06-25,8627.5,31.050041834166667,6.949166655458334,40.843041579166666,10.230874936541666,-9.456208308333332,-3.8824583688333334,39.1472295125
2017-06-26,8651.5,31.315291722083334,7.619374970625,39.97854185166667,10.337083380041667,-8.615249991708334,-3.8247499565416665,38.22262509666667
2017-06-27,8675.5,34.35887503666667,8.862041671791667,43.284625052083335,11.540041724791665,-8.50862495125,-3.764833375875,38.561395805
2017-06-28,8699.5,35.53504133291667,9.308625082291666,44.00279124541667,11.390166601333334,-8.303458452,-3.3601667583333334,38.06691694291667
2017-06-29,8723.5,37.95033319833333,10.788666666833334,45.208874861249996,12.240249991958335,-7.047625035,-2.8020833531249996,39.293833415
2017-06-30,8747.5,34.15649986166667,9.5356249215,42.93504158583334,11.739750067458333,-8.375833352416667,-3.2489999582499998,34.76191687541667
2017-07-01,8771.5,31.8877916325,9.081833302791667,40.60179154083333,11.577833255416666,-8.538875043916667,-3.619625012083333,30.9716248525
2017-07-02,8795.5,28.9906252225,7.769499997416666,38.615832964166664,10.361541629,-9.012750049500001,-3.3712083151249996,29.73574988
2017-07-03,8819.5,29.200083255833334,8.188333372375,38.486374695833334,9.574291706041667,-9.146666646083334,-2.27237506675,36.40075024
2017-07-04,8843.5,34.28899987583333,10.889791688125,43.18858337583333,11.715250055041666,-8.562874972708334,-1.7824999889583333,40.61216672208334
2017-07-05,8867.5,35.26629169708333,10.994583289166668,44.62941646583334,11.788916587875,-9.097166697125,-1.6107083459166667,40.42904170208333
2017-07-06,8891.5,37.25929156875,11.109750072541667,46.4186671575,11.419166683916666,-8.897875010791667,-1.1399583419166668,41.90308300625
2017-07-07,8915.5,37.09175030375,11.811333418541667,46.26783291541667,11.943083325833333,-8.869833271083333,-1.086958348625,41.46358346791667
2017-07-08,8939.5,36.70783376833334,12.865374962708332,46.09037462916667,12.924874942458333,-9.080416659541667,-0.6734583377083334,40.48397970166667
2017-07-09,8963.5,33.371208348749995,11.542541584708333,42.988542081249996,12.116166631666665,-9.574749966333334,-1.2248333195,38.350833415833335
2017-07-10,8987.5,32.45304179125,11.364541730291668,43.05008315958333,12.482583443333333,-10.571208337416666,-2.0443333188333335,34.716145675
2017-07-11,9011.5,35.40245850875,12.118333300125,45.32520834541666,12.814374924166666,-9.589916705541667,-1.6196666607916665,40.92347923958334
2017-07-12,9035.5,38.20525042208333,12.142874917124999,46.324750263333335,12.046874919750001,-7.655708332875,-0.655249988,43.12077093166667
2017-07-13,9059.5,41.22070805208333,12.959624965916667,48.80995798125,12.588750004458333,-7.5562500159166675,-0.7418749977916667,43.734124977499995
2017-07-14,9083.5,40.669291495833335,12.111499946291666,48.182249705416666,11.87058337475,-7.365250011375,-0.630916665125,43.486895878750005
2017-07-15,9107.5,41.91187508875,13.479666710083334,50.09775002708333,13.123624999166667,-7.803666671125,-0.7379583320416666,45.49187533041667
2017-07-16,9131.5,42.64479223875,13.0188749625,50.32549985208333,12.527166644375,-7.290083289208333,-0.7805000096666667,46.379978657083335
2017-07-17,9155.5,44.362125237083326,13.668208440833332,52.104833125,13.263208270416667,-7.5318333705416665,-0.7464166632083332,47.13075017916666
2017-07-18,9179.5,43.88741636375,14.561583360416668,50.30320835125,13.831791559166668,-6.393708308583332,-0.5582083462083333,45.958854199166666
2017-07-19,9203.5,40.61691649791667,12.139291683208334,47.84166669791667,11.914083202999999,-7.112999975708333,-0.59212498375,45.62008333041666
2017-07-20,9227.5,41.486083030833335,12.889791727916666,49.209666094166664,12.696041703333334,-7.5567499993750005,-0.7004166790416666,45.949645996250005
2017-07-21,9251.5,41.39887523708333,12.893333316541666,49.41754182083333,12.816541751791666,-7.759291728333333,-0.9507500034166667,46.79197915375
2017-07-22,9275.5,42.46345837916667,13.333041627916666,50.28650013708333,13.056541681250001,-7.671791632958333,-0.8813749999583332,47.76247962333333
2017-07-23,9299.5,43.22424968125,13.196958304166666,50.96783336041667,13.040999929583334,-7.486041684875,-0.9908750006666667,48.03710428916667
2017-07-24,9323.5,42.35512479166667,13.20395847175,50.64841667833334,13.180624881666667,-8.046166738,-1.2469583450000001,48.24772898291667
2017-07-25,9347.5,43.911791959999995,13.863625089583332,52.150666713750006,13.67541662875,-7.994208276416667,-1.295333306125,48.54066674
2017-07-26,9371.5,45.59429121083334,13.922958294583333,53.1714162825,13.49895834875,-7.481666684208332,-1.151875004,48.62306261125
2017-07-27,9395.5,43.88391637749999,12.987416704625,52.24883365541667,12.91145833375,-8.213749965041666,-1.2560833444583335,49.73079156833333
2017-07-28,9419.5,44.29583279333334,12.743166685416666,52.817374865,12.676874956250002,-8.294041574,-1.1154999931666667,49.94147888791667
2017-07-29,9443.5,41.41275000625,12.5337499185,49.56608359,12.365249991166666,-7.939083337791666,-0.9406666656666666,47.3962917325
2017-07-30,9467.5,40.704291820416664,11.853083332583333,48.33970832833333,11.813500046458332,-7.425291697208333,-0.9044583390833334,42.232666334166666
2017-07-31,9491.5,39.45500183,12.22999954,46.66899872,11.55300045,-7.31400013,0.0,39.97999954
2017-08-01,9515.5,36.67645812,11.42037495025,45.45362440833333,11.700750033458334,-8.521583259249999,-1.0752916635416667,39.760687510416666
2017-08-02,9539.5,33.915708304166664,9.780000031333334,43.57945807791666,10.783708373125,-9.322541673875,-1.8314999937083334,35.6957704225
2017-08-03,9563.5,33.72704148333333,9.305166582333333,43.31595849958333,10.360583385124999,-9.371291716916668,-1.8847916871250001,40.11775016708334
2017-08-04,9587.5,37.70958312375,10.847958326708332,46.607291539583336,11.2684583465,-8.668666680666666,-1.25004167375,44.33850018125
2017-08-05,9611.5,39.667625029583334,11.608833293083334,48.78654178,11.784500002791667,-8.743333399166668,-1.16712502125,45.555999755833334
2017-08-06,9635.5,40.67283328375,11.409833311916666,49.2465833025,11.504041671291667,-8.544750054749999,-1.1058333219583332,46.47154156291666
2017-08-07,9659.5,41.346375305833334,12.006666581541666,50.0507914225,12.243625004499998,-8.3979999425,-1.1936250129166666,46.663833617083334
2017-08-08,9683.5,31.713166714166665,9.765958309583334,41.316625118750004,10.656375090375,-9.332625011625,-1.4840416858333334,33.48008338583333
2017-08-09,9707.5,30.236791450833334,9.594875018625,39.75295845625,10.679791609083333,-9.465583304041667,-1.506375009875,35.53093759125
2017-08-10,9731.5,33.38162501666667,10.523458322791667,42.513916332916665,11.227041721291668,-8.968916754333334,-1.4485833495833333,41.152229309166664
2017-08-11,9755.5,38.037624835416665,12.282458305874998,46.328125,12.31487496625,-8.147583285958333,-1.052875027,42.02206261916667
2017-08-12,9779.5,35.269833485,10.973624944625,41.95091692541667,10.890958309291667,-6.374999944958333,-0.7915833244166667,35.494375229999996
2017-08-13,9803.5,39.14050006875,11.22479168575,40.68441677083333,10.074541647666667,-1.1385416636666668,0.0,36.135208607083335
2017-08-14,9827.5,37.33608309458334,9.699708283916667,39.43470883333333,9.452291706958333,-1.8113750119583332,-0.6752083302083333,37.023312250833335
2017-08-15,9851.5,39.458208561666666,10.79562497125,41.57116667458333,10.874249974875,-1.8079166661250001,-0.975000009,39.05574989375
2017-08-16,9875.5,37.6745829575,10.129083435458334,39.57979170416667,10.173875093,-1.701791649166667,-0.7687916705833334,35.65910426791667
2017-08-17,9899.5,40.52279202125,11.004958291958333,41.777958551666664,10.583833376541667,-0.8501250048333334,-0.6600833337083333,39.32135423
2017-08-18,9923.5,41.58370828583333,11.266750077208334,43.19629208291667,10.90441672025,-1.1846666732916666,-0.5783333380416666,41.98545853291667
2017-08-19,9947.5,43.192833264583335,12.142791629125,44.68291711916667,11.72525000625,-0.9875416508333333,-0.6339583347500001,41.573541640416664
2017-08-20,9971.5,33.15808312125,7.860208292958333,35.62712550291666,8.565624952583333,-2.2343333165,-1.6165833323333334,34.99997878
2017-08-21,9995.5,30.14954161625,7.211041629291667,31.87983314125,7.814999977749999,-1.3126666743750002,-0.6862916599166667,39.66916688291666
2017-08-22,10019.5,29.90170788791667,6.704916635958334,32.132249672916664,7.4475833177916675,-1.8364583401666668,-0.9772083460833333,41.838938077916666
2017-08-23,10043.5,27.657541512916666,5.252874990375,30.8724163375,6.839875062333333,-2.9133333215416664,-1.6837083098749999,43.05668735416666
2017-08-24,10067.5,33.4339167275,7.7937916320000005,34.21195840958333,7.473208328125001,-0.23370832708333333,-0.3255833287916667,42.58056211416667
2017-08-25,10091.5,29.99945831291667,6.359375,32.633708317916664,7.202958325541666,-2.218083351875,-1.1520833175,37.01416651375
2017-08-26,10115.5,31.203583162083333,6.495541652041666,33.68812521416667,7.752458294166666,-2.119791681666667,-1.8143333294166668,35.19233346041667
2017-08-27,10139.5,40.89270830125,10.704916716375001,42.75858354583334,10.651874899458333,-1.2562500040416666,-0.873791679625,40.23689588041667
2017-08-28,10163.5,45.19287490791667,11.898541649583334,46.725749969166664,11.157916705166668,-0.9963750044166666,-0.5414999972083333,44.329291661666666
2017-08-29,10187.5,41.30104176208334,10.924791693916667,42.952874978333334,10.673083344416668,-1.3228749980833332,-0.6232916812916667,37.74666643125
2017-08-30,10211.5,37.922458490000004,10.359291692874999,39.549750010416666,10.168291686291667,-1.1817083358333333,-0.6689999947916667,33.48035399083333
2017-08-31,10235.5,34.09400177,8.963000298,36.40200043,8.979999542,-1.950999975,0.0,31.85050011
2017-09-01,10259.5,33.68520847916667,8.425624887375,35.86270848833333,8.485041658083334,-1.8389583081666665,-0.572541664,31.859687646666668
2017-09-02,10283.5,35.918958743333334,9.493708273000001,38.04416688375,9.347374955708334,-1.7195833722083333,-0.3695833385,32.70206244833333
2017-09-03,10307.5,35.332666635416665,8.771208346291667,37.8820832575,8.854791581666667,-2.2018749814166667,-0.8195833415,29.699083247916665
2017-09-04,10331.5,36.24366680791667,9.61579169825,38.832666715833334,9.6466250025,-1.978124996,-0.8354999969583333,32.67450014708333
2017-09-05,10355.5,40.526249965,11.462083458625,39.229083378333335,9.789749980416667,1.587958291375,0.26741666591666663,35.6224788025
2017-09-06,10379.5,42.35166660958333,12.209125002999999,38.66966676791667,9.456750075208333,3.7420000037916665,0.4424166629583333,33.81889549833333
2017-09-07,10403.5,43.41970872875,12.757166664166666,39.543000220833335,9.832125027458334,3.7967083355,0.5814583301249999,34.72529188708334
2017-09-08,10427.5,42.264333407916666,12.170708338708332,40.5258334475,10.295708299,1.840083291291667,0.15587500229166665,36.16266671791667
2017-09-09,10451.5,39.78979190166667,11.106333335541668,41.863916554583334,10.72229160875,-1.7777499953333333,-0.2816250026666667,37.13312546458334
2017-09-10,10475.5,37.76191647875,9.755500098,42.18220806083333,10.478875041,-4.144208316916667,-1.6208333572916667,36.473958493333335
2017-09-11,10499.5,31.933124860000003,7.7067083121249995,39.74845902125,9.940499822958333,-7.7779167095,-3.0379999827083335,31.9695208075
2017-09-12,10523.5,32.49504152833333,8.313958287375,40.396291732499996,10.398416716833333,-7.768125017583333,-3.0090416471666668,35.082354467083334
2017-09-13,10547.5,32.679999908333336,8.167374968416667,40.597374915416665,10.25091671875,-7.824041744166667,-3.097208301291667,35.201353788333336
2017-09-14,10571.5,30.952208280833332,5.790416598375,38.13450018541666,8.078583419333333,-6.912499944375,-2.7092083591666665,35.393708706666665
2017-09-15,10595.5,34.44962477625,3.5845833221250003,40.40974982583334,5.786708260583333,-5.869999984875,-2.5069166125,34.35910415625
2017-09-16,10619.5,33.63295849166666,0.19545833270833335,39.864583332916666,3.251374984875,-5.984083334625001,-2.374249994875,34.5055626225
2017-09-17,10643.5,32.85458318375,0.0,40.75820811458333,2.9329583148333334,-7.764583329416666,-2.552791749458333,35.78733340833333
2017-09-18,10667.5,33.31870778375,0.0,40.138250032500004,2.3154166588750003,-6.653000036958333,-2.1409583242916668,35.93383304416667
2017-09-19,10691.5,33.22800040291667,0.0,41.03741661708333,2.984333296625,-7.764083325958333,-2.637166733375,33.38862522416667
2017-09-20,10715.5,32.73933339083333,0.0,40.19087489375,2.6504166622916667,-7.301833410791667,-2.6590833066666666,29.37862491583333
2017-09-21,10739.5,32.7427917325,0.0,40.37850030166667,2.6471249709166664,-7.5226250092499996,-2.8178333143750005,30.17529154
2017-09-22,10763.5,32.95216655791666,0.0,40.1517086025,2.845916693541666,-7.045374910083333,-2.5229166546666666,31.65837462791667
2017-09-23,10787.5,30.924208323749998,-0.18845832345833333,38.56012455583333,1.2442499945416667,-7.5994583965,-3.092291658166667,28.664583445
2017-09-24,10811.5,31.280374924166665,0.0,39.21008316666667,2.260624994875,-7.76137506975,-2.8455832603749998,27.09897939375
2017-09-25,10835.5,32.92762486083333,0.185000002375,40.38287512458333,3.2658749869166663,-7.285791675333333,-2.485874990375,31.969542025
2017-09-26,10859.5,34.27158315916667,0.39441667,42.364208221666665,4.040916671375,-8.064166744666666,-2.6356666189166664,35.796541850416666
2017-09-27,10883.5,33.01158364583333,0.205916663,40.2309165,3.411041652125,-7.027666628416667,-2.3559166145833337,32.29006266583333
2017-09-28,10907.5,27.807458162083332,0.0,35.2204585075,1.7513333360416665,-7.435499966208333,-2.425500025166667,29.982895929999998
2017-09-29,10931.5,26.17400010375,0.0,34.244333347083334,1.8048749864166667,-7.842374980416667,-2.8336250481666667,27.428562243749997
2017-09-30,10955.5,30.648541530416665,0.20245834191666667,38.4159586425,3.4255000252916665,-7.40304174025,-2.5284166835,27.0991462075
2017-10-01,10979.5,31.915583214166663,0.0,38.9454169275,3.54954165725,-6.936041692875,-2.23891669525,34.9450624775
2017-10-02,11003.5,30.069333394583335,0.19545833270833335,37.241041978333335,2.989958306208333,-7.171541710833334,-2.00916667775,28.875125010416667
2017-10-03,11027.5,28.055208046666667,0.0,35.22945849125,1.8350833505416666,-6.8789166012916665,-2.513791605666667,26.393979231666666
2017-10-04,11051.5,25.887833356666665,-0.17104166745833335,33.61549981333334,0.7638749977083333,-7.6363333065,-2.654250075125,24.59958338708333
2017-10-05,11075.5,28.13208309875,0.0,35.980041821250005,1.8742083410416666,-7.63841672725,-2.841541687625,20.38820847
2017-10-06,11099.5,31.622458616666666,0.0,38.897250175,3.0256666640416667,-7.228875021208334,-2.24883329375,25.368604342500003
2017-10-07,11123.5,32.39029169041667,0.4048750002916666,39.211249987083335,3.0803749710833332,-6.729166686416666,-2.0442916852083335,30.458999872083336
2017-10-08,11147.5,32.295999923749996,0.5514166553333333,39.0391668475,3.5182499885416667,-6.52608335025,-1.8930833587916667,34.13022923375
2017-10-09,11171.5,34.30645823458333,1.9162083069166667,40.97600030875,4.124749998291667,-6.491125027374999,-1.7677083311250001,35.997833012916665
2017-10-10,11195.5,32.45320820791667,0.39091666537499997,39.77858304958333,1.945708309625,-7.072000046625,-2.0447499999583334,33.59010402333333
2017-10-11,11219.5,31.63987477625,0.19895833729166668,40.23208363875,1.466500004125,-8.419833362083333,-2.680041631125,22.374833265000003
2017-10-12,11243.5,29.05354150125,0.0,40.2655831975,1.6697499951249999,-11.208624959583332,-3.64958326975,19.875458478333332
2017-10-13,11267.5,27.496833325416663,-0.7190000017083333,37.95466677375,0.7773749977916666,-10.307249903666667,-3.356500009541667,24.581229129583335
2017-10-14,11291.5,32.02737482375,0.0,41.5041667625,1.9277499815416668,-9.327374975708333,-3.1151666045,23.519354105
2017-10-15,11315.5,31.618916590833333,0.0,40.65208323708333,1.685375005,-9.061791579041666,-3.036624992791667,23.4552082225
2017-10-16,11339.5,23.31899968725,-2.1465832988333333,32.618083158750004,0.4712499926666666,-9.134958366708334,-3.0231249928749997,22.521312315416665
2017-10-17,11363.5,33.28737489375,0.345541675875,41.66054153333334,4.284416660708334,-8.174458344791667,-2.9074999739583336,24.15087525125
2017-10-18,11387.5,33.01495861958333,0.0,41.90408341083333,4.436416685583334,-8.64199996,-2.8568332989583336,24.627187490833332
2017-10-19,11411.5,21.936708291666665,-1.120416661125,31.153833548333335,0.9963333210000002,-8.835500021916667,-2.818041652208333,24.07770824375
2017-10-20,11435.5,17.63662509208333,-1.0646250049166668,25.75033307,-0.8455000022916667,-8.017791628875,-2.3979166844583335,25.194666544166665
2017-10-21,11459.5,22.694083172916667,0.185000002375,30.74841674166667,0.6779999980833334,-7.838791708166667,-2.1069166510833335,24.57214586041667
2017-10-22,11483.5,30.966166336249998,0.0,39.68483368625,2.468416685875,-8.558333317458333,-1.9301666566250002,25.341166655416668
2017-10-23,11507.5,30.411333560416665,0.9179166754166667,38.83704161625,2.4649583400416666,-8.151499946791667,-1.743583326625,24.48977065041667
2017-10-24,11531.5,31.4897916325,0.0,40.30470792416667,2.976625015333333,-8.583791732666667,-2.0276666978333333,23.89460428625
2017-10-25,11555.5,31.706166744166666,0.7399583260416667,40.24758354833333,2.9899583509583336,-8.339458346541667,-2.05479167425,24.2517499925
2017-10-26,11579.5,32.3902915325,0.0,41.1344583825,1.3447500169166666,-8.481208304833332,-1.7657916645833334,26.851833264583334
2017-10-27,11603.5,32.711374998749996,0.0,41.504291535,1.8127916603333334,-8.705041666416667,-1.675708343625,25.972895622916667
2017-10-28,11627.5,32.037791649999996,0.0,41.1871250475,1.5267499934166666,-8.845458229708333,-1.9937083275,25.789812565416668
2017-10-29,11651.5,31.098708311666666,0.0,40.32695865541667,0.827625016375,-9.337083419375,-1.8048749913333333,22.741083225833336
2017-10-30,11675.5,30.589291652083332,-0.17450000841666666,39.397624810416666,0.5238333443333333,-8.565958261708333,-1.8827916532916669,20.827604134999998
2017-10-31,11699.5,31.16200066,0.0,40.47700119,1.796000004,-8.593000412,-1.4179999830000003,16.25
2017-11-01,11723.5,32.19479195291667,0.0,40.7793334325,0.494750008,-8.424333254583333,-1.4894583422499998,24.00449983333333
2017-11-02,11747.5,32.11804223041667,0.0,40.96579186208333,0.8119583279166668,-8.551833272416667,-1.5782916695000002,25.066541672083332
2017-11-03,11771.5,32.14241631833333,0.0,40.56054179,0.536124999375,-8.236333350375,-1.7164583602916668,24.022895892916665
2017-11-04,11795.5,32.32395823833333,0.0,40.3961666425,0.739375010125,-7.763208270083333,-1.595333318,21.477645715416667
2017-11-05,11819.5,33.51416675375,0.0,41.80916659,1.435208320625,-8.175791760333334,-1.5997499972916664,20.543916661666668
2017-11-06,11843.5,33.07441671708333,0.0,41.00041675666667,1.3011249949583334,-7.7179167470416665,-1.58587498475,23.446083227083335
2017-11-07,11867.5,32.665916601666666,0.0,41.11900011708334,1.3023333301666666,-8.380874951541665,-1.8399166713333333,23.1531251275
2017-11-08,11891.5,31.47920823125,0.18149999779166667,40.15612506833333,1.372708315625,-8.509166757208334,-1.4388333409166665,25.78066682875
2017-11-09,11915.5,30.334458192499998,0.0,39.32287518166667,1.0732916593333333,-8.696083287583333,-1.9307083536249998,25.011583328333334
2017-11-10,11939.5,33.21750013041667,0.17450000841666666,41.51212469791667,1.7792500158333333,-8.265250027083333,-1.6613749913333333,24.453166564166665
2017-11-11,11963.5,32.14245828041667,0.0,42.120791911666664,2.2350416630416667,-8.454958339458333,-1.6177083402916665,23.153166770833334
2017-11-12,11987.5,33.09183311458333,0.0,41.4283332825,1.9970833460416666,-8.198624988375,-1.7146666645416666,23.70241665875
2017-11-13,12011.5,32.624124843333334,0.0,41.393708070416665,2.0997916658333335,-8.689125021208334,-1.7888750134166667,23.500999847916663
2017-11-14,12035.5,29.643416802083333,-0.17104166745833335,38.19383390833333,1.1437083284583334,-8.339416642916666,-2.1061250170416668,23.61077102
2017-11-15,12059.5,31.734083493333333,0.0,40.454291662083335,2.0628333439583333,-8.608999987375,-2.563958361916667,24.105208317916667
2017-11-16,12083.5,32.13549987541666,0.0,41.2171665825,2.6224583337916667,-8.950666646458334,-2.3374166538333334,22.301666578333336
2017-11-17,12107.5,31.95054133875,0.0,41.17587486791667,1.85633334025,-8.9554165605,-2.356541653333333,22.292375088333333
2017-11-18,12131.5,35.3395832375,0.0,43.846374670833335,2.4415000032500003,-8.370458364333333,-2.7542500593333332,15.133041541666666
2017-11-19,12155.5,36.369249741666664,0.17104166745833335,43.62195857375,1.6899166802083334,-7.1469999353333336,-1.593708336375,13.448458313083334
2017-11-20,12179.5,36.805625120833334,0.0,44.094375293333336,1.8797500035416668,-7.252750039083334,-1.7824583697499998,16.09439587625
2017-11-21,12203.5,36.550791662083334,0.0,44.54558356541667,1.3816666604166665,-7.705499986875,-2.168541649916667,14.730145852083334
2017-11-22,12227.5,35.559416453333334,0.0,43.35491641416667,1.3291666805833333,-7.574958344333333,-2.2113332800416665,19.381145875416667
2017-11-23,12251.5,33.07087492875,0.0,41.0909582775,0.537208333625,-7.848958313375,-2.35912500825,17.7330833675
2017-11-24,12275.5,34.868458510416666,-0.21641665695833334,42.69375006291667,0.8689583342083332,-7.730375031458333,-2.1113750039583334,16.204250018125
2017-11-25,12299.5,35.08145856958333,0.0,42.99645837124999,0.74054166175,-7.7251666981666665,-1.9976666667916667,18.786041577083335
2017-11-26,12323.5,35.56308356875,0.0,43.484500090000004,1.0844999800416668,-7.777874986583334,-2.0577083528333335,20.424895922083333
2017-11-27,12347.5,34.15979170875,0.0,42.42795848916666,0.8477499981666666,-8.040916681458333,-2.270749971375,19.921312412083335
2017-11-28,12371.5,24.188083252083334,0.9947083194999999,31.941250085416666,3.8265416872499998,-7.621583362375,-2.0324583303333332,20.35164586666667
2017-11-29,12395.5,25.629499952083336,1.8010833262916668,33.575416564166666,4.9467083415,-7.827708423250001,-2.240999996625,18.319104195833333
2017-11-30,12419.5,37.597958326666664,1.7417083183750002,45.443583329999996,4.058833330916666,-7.6873333453749995,-2.0265416650833337,14.93170837625
2017-12-01,12443.5,36.92416652,0.9527916510416666,45.13299989666667,3.948250010666667,-7.952416717958333,-2.085666676166667,14.455541649916666
2017-12-02,12467.5,35.9574581775,0.5863749782083333,44.188166458750004,3.786208326541667,-7.984458367041667,-2.283708324125,14.363999923333333
2017-12-03,12491.5,34.46354182625,0.0,42.80762481666667,3.3552500108750003,-8.191916704208333,-2.777666712791667,16.378145773666667
2017-12-04,12515.5,36.46008316625,0.5479583144166666,44.37129179625,3.9002083341250002,-7.8245416680833335,-2.8769583002916668,16.24081249916667
2017-12-05,12539.5,35.58400019041667,0.0,44.54675006833333,2.9520000120416667,-8.916416724625,-2.7217500109583335,13.622416774208332
2017-12-06,12563.5,25.804083268333333,-1.2216666539583334,34.435333092916665,-0.19554165512500002,-8.157291650875,-2.400624950416667,11.489270925375001
2017-12-07,12587.5,18.687250017500002,-6.254708309958333,27.077250082916667,-4.351458331,-8.092500050583334,-2.337458272541667,11.727270881333332
2017-12-08,12611.5,21.52137513958333,-4.984208345458334,29.590208212916668,-3.3886666944166666,-8.154208302666667,-2.7005834185833333,11.470812479416667
2017-12-09,12635.5,34.33454147916667,0.9877500136666667,42.606749852916664,3.5272083332916666,-8.143958369875,-2.8777500287916666,10.399791758166666
2017-12-10,12659.5,35.437333505,0.0,43.64312442125,3.4043333529583335,-7.996041655541667,-2.9960000510000007,15.490083256208335
2017-12-11,12683.5,35.66770792,0.0,43.73808336291666,2.7497916717499997,-7.974750042041666,-3.0380833641250002,13.292854090625
2017-12-12,12707.5,19.702958385,-3.3647500076666668,28.100291728749998,-1.9915000300416665,-8.167416691791667,-2.8625832697083333,12.093520899416667
2017-12-13,12731.5,22.223000009166668,-1.8324583371666667,30.354083378333332,-0.670166666375,-7.975166698374999,-2.8730000458333333,11.608229239875001
2017-12-14,12755.5,40.13887524625,0.36645833650000004,48.35750007625,3.36966667075,-8.163958311125,-2.9799583156666665,10.189229110874999
2017-12-15,12779.5,40.92416667958333,1.155249993,49.071332930833336,3.391000002583333,-7.695333341666667,-2.760999918,12.532770751666668
2017-12-16,12803.5,41.555833101249995,0.17104166745833335,48.92595863458333,2.435874993666667,-7.195708274833334,-2.4034166087916664,11.617395797541667
2017-12-17,12827.5,41.23475011166666,0.19895833729166668,48.74629163791667,2.499624987458333,-7.382083296708333,-2.5020832967083333,9.099750051500001
2017-12-18,12851.5,42.78104193958333,0.5654166539583333,50.55120849666667,3.3742083658750004,-7.666374981583334,-2.60399997275,9.795541772750001
2017-12-19,12875.5,39.14412514333333,-0.19195832808333335,47.145791689166664,1.134749988625,-7.84633320575,-2.3724999429166664,11.66325002925
2017-12-20,12899.5,41.458125115416664,0.0,49.005249659583335,1.6105416715,-7.611791660375,-2.0110000023750003,11.873749871958333
2017-12-21,12923.5,40.4738334025,0.6841250062083333,47.56125005041667,2.1713749815833334,-7.120416581541666,-1.6184166768333335,12.807666699666667
2017-12-22,12947.5,39.534958601666666,2.251291672416667,46.19754171416667,4.511249999375,-6.626958350416667,-1.7244166979583333,16.43314572225
2017-12-23,12971.5,37.51758321125,1.012166659,44.746582985,3.542875001916667,-6.96495829025,-1.8278749685416666,18.117729307083334
2017-12-24,12995.5,36.98345851916667,0.0,44.029583295,0.37754166129166666,-6.764625032875,-1.8787500755833333,16.24089582708333
2017-12-25,13019.5,38.90325021708333,-0.19895833729166668,45.5317915275,0.836583336125,-6.615375022083334,-1.7813333072916666,12.285770832958333
2017-12-26,13043.5,38.72529164958333,0.17104166745833335,45.988624890833336,1.0555833379583335,-7.340833346,-2.0501249780416666,13.814708213291667
2017-12-27,13067.5,38.88925003875,0.0,45.12862507416667,1.0968750069166666,-5.990333279000001,-2.109083359125,14.144229254208334
2017-12-28,13091.5,39.44070831916667,0.0,45.729499816250005,1.3447916805833333,-5.928624987625,-1.6711666337083333,15.380416591249999
2017-12-29,13115.5,37.8247497075,0.0,44.230583349583334,0.35404166575,-6.159750004708333,-1.5991249780833332,17.019041935833332
2017-12-30,13139.5,38.38312514583333,-0.185000002375,45.60112476375,-0.07145833970833333,-7.037291665875,-2.236708278375,15.691520889166666
2017-12-31,13163.5,37.86299896,0.0,44.95299911,0.0,-6.790999889000001,-2.451999903,11.635499950000002
2018-01-01,13187.5,37.78629159958333,0.0,44.10554186541666,-0.21554166575,-6.537624975041666,-1.3691250137916666,13.952062566458332
2018-01-02,13211.5,39.36395827875,0.0,45.560874939583336,0.2457499950833333,-6.156083365375,-1.010041669125,16.817604065416667
2018-01-03,13235.5,40.44958353083333,0.6387499967916667,45.489416758333334,0.7349583407083333,-4.9914583165833335,-1.6036667077500002,10.317374943541667
2018-01-04,13259.5,48.08274984291666,3.6963333289583336,49.35150019333333,3.2042500078750003,-0.8315833210833333,-0.16258333129166666,5.272958378166666
2018-01-05,13283.5,48.208458264583335,3.9336250622916666,50.16466665125,3.7450416485416667,-1.728041639,-0.4424166679583333,7.580062468333334
2018-01-06,13307.5,47.43712488833333,2.9423749844166665,48.693874676250005,2.9988333185833334,-0.9484583288333334,-0.21454166866666666,8.184187492
2018-01-07,13331.5,48.20504124916667,3.9265833298333335,49.37175003708333,3.507041672916667,-0.7565416595416666,-0.16125000016666666,8.962499896958333
2018-01-08,13355.5,48.14566643999999,3.7485416135833334,48.90933322958333,3.008999988416667,-0.39883334433333334,0.0,7.964541654333334
2018-01-09,13379.5,46.20495827916667,3.3856666484583333,47.55562527958333,3.0423750281666666,-0.9462083379583334,0.0,10.079375068083333
2018-01-10,13403.5,41.513875007083335,0.9982500075833333,42.07724984541667,1.059916675125,-0.19941666720833331,0.0,10.720166663083333
2018-01-11,13427.5,49.01820786708333,5.849791646,50.106708527083335,4.210708369791667,-0.8173333307916667,0.0,8.934916675333334
2018-01-12,13451.5,51.27291663583333,6.055916666708334,51.14320818666667,3.96391668425,0.338999991625,0.3499999890416667,7.726395808124999
2018-01-13,13475.5,47.51750024125,4.394291619416667,48.09612464875,3.1464166840416667,-0.18879167237500005,0.0,6.9848333726666665
2018-01-14,13499.5,48.672625064583336,5.706583301166667,50.33675003125,4.219541723583333,-1.4108750025833334,-0.05195833245833333,12.670249978166666
2018-01-15,13523.5,43.96070861791667,3.692749977,45.69712448125,3.4534583390416667,-1.223291655375,0.0,16.002854109416667
2018-01-16,13547.5,42.114332994166666,3.8603750267500003,45.780833244583334,3.9215000072499997,-3.5248750101249997,-0.6018749972916667,16.22254165
2018-01-17,13571.5,34.09345865291667,0.349041660625,43.19408321416666,2.459416647875,-8.927958309708334,-1.9034166830833332,15.151333372083334
2018-01-18,13595.5,37.26275030833333,0.0,48.04262510875,1.4821666479583333,-10.544583361208334,-2.1597916732083333,13.311208445666667
2018-01-19,13619.5,36.16691644958333,0.0,46.372750123749995,0.5562499959999999,-9.963916759041666,-2.3725833297916665,14.126041610416666
2018-01-20,13643.5,41.496582984583334,0.0,47.041791598749995,0.6076249977083333,-5.394250030458333,-1.0353750237500001,14.556229273333335
2018-01-21,13667.5,37.76529145166666,-1.1936666567916667,39.310583035,-2.0506249914166665,-1.11720833675,0.0,13.686458468749999
2018-01-22,13691.5,26.89304161,-3.4065416454583333,29.4394166475,-4.632874965708333,-2.311916629458333,-0.21008333066666665,12.331500014
2018-01-23,13715.5,30.857958237083334,-1.1309583584583334,33.446999867083335,-3.2836666752083334,-2.3237083405833334,0.0,10.115999896375
2018-01-24,13739.5,45.93974987666667,0.55850001175,48.413375378333335,0.894583339375,-2.214041690041667,0.0,6.10599994675
2018-01-25,13763.5,43.409291267083326,0.05237499875000003,46.006583372499996,-0.3171666662083334,-2.4067916622916665,0.0,2.3432708185
2018-01-26,13787.5,43.20325024875,0.0,46.2220829325,-0.40987500541666666,-2.9220416596666667,-0.166583334375,4.24758333975
2018-01-27,13811.5,44.11079152375,0.6317500075,47.357958634166664,0.8622083217083333,-3.186458329375,-0.6845416624583334,2.901624980041667
2018-01-28,13835.5,40.910208384583335,0.21291667225,43.930166880416664,0.04245832066666666,-2.887499988083333,-0.5442083279583333,3.990979214583333
2018-01-29,13859.5,45.7966250575,2.1954166889166666,49.16500027958333,2.182458346166667,-3.143874948375,-1.0999166766666668,4.622833326541667
2018-01-30,13883.5,42.70774984333334,0.74695833525,46.36050001791667,1.9590833335833333,-3.4587916483333334,-0.8475000062916666,3.8262499645416668
2018-01-31,13907.5,44.64799881,0.0,48.70600128,2.894999981,-3.773999929,-1.246999979,3.0664999489999993
2018-02-01,13931.5,44.83329169,1.9022083282500002,47.716541767083335,2.54312498875,-2.5648750167083336,-0.6302500068333333,6.637000009916666
2018-02-02,13955.5,46.31320826166667,3.0435833533333336,48.618999799166666,3.0245416412916666,-2.156374990958333,-0.2744999975,9.3469166755
2018-02-03,13979.5,47.02529176083333,3.3890416422916663,49.01650015541667,3.1597083260416667,-1.6062916765,0.0,7.43347915975
2018-02-04,14003.5,45.433666387500004,1.780083358375,47.515416781249996,2.177000020875,-1.9377499968750003,-0.05241666733333333,6.3989375094583325
2018-02-05,14027.5,42.2574164875,2.0906249682083335,44.45733340583333,2.6794583301249997,-1.7764583130833334,-0.21895833312500002,7.287083343666667
2018-02-06,14051.5,31.200041770416664,-0.446750005125,33.634541909583334,-1.467625007125,-1.836791659375,-0.3104583322916667,7.6623958940416665
2018-02-07,14075.5,33.26641655,0.0,39.5139164925,0.9717083325416667,-5.9129999780833336,-1.5409999887916666,8.339854220666666
2018-02-08,14099.5,18.84433337125,-3.9405416448333335,28.499041875416665,-2.81679165375,-9.600583335,-2.7079999449999996,9.39275006425
2018-02-09,14123.5,21.667958319708333,-4.101083358125,31.073458314583334,-2.2517500122083334,-9.314791739166667,-2.7079999449999996,11.653979261833333
2018-02-10,14147.5,32.278541644583335,0.0,42.23587481125,0.7594999919166666,-9.696291725208335,-2.6346666813333335,12.230812549375
2018-02-11,14171.5,29.283958037916666,-0.68062498175,38.9307499725,-0.3216666579583334,-9.626291612125,-2.548000097,10.436354180375
2018-02-12,14195.5,28.879041672083332,-0.4607500036666667,38.70300022833333,0.02012500166666667,-9.684041580208333,-2.548000097,10.711020787541665
2018-02-13,14219.5,26.62420829125,2.2478333512916664,37.40529171625,3.5651666622083336,-10.789333343666668,-2.548000097,13.073208382208334
2018-02-14,14243.5,24.777874866666668,3.8289583324583334,35.88516680375,6.9159167012500005,-10.875666618208333,-2.6066250897916667,17.284541566791667
2018-02-15,14267.5,23.695749997083336,2.2163333097916667,34.668791929583335,5.5945000152499995,-10.537125109208334,-3.699583292333333,14.345687588333334
2018-02-16,14291.5,23.734249988749998,0.7190000215833333,35.26870846833334,5.788874973833334,-11.169666646666668,-2.8335833052916666,12.066041708625
2018-02-17,14315.5,23.308416684583335,0.7155416806249999,34.600791295,5.958625008666666,-10.996416769541668,-3.2278749646250002,14.180875023125
2018-02-18,14339.5,24.554499785833332,2.2512916525416666,35.76120845541667,6.269208292083333,-10.902166763250001,-2.7400000100000006,12.276604295
2018-02-19,14363.5,25.0536248675,2.380458355,36.04254158333333,6.464749971916667,-10.701250035458335,-2.7715416654166667,10.454750178833333
2018-02-20,14387.5,27.58412480375,4.19187500075,38.74329145666667,7.202916661958334,-10.885375144166666,-2.9156249862916663,10.253229062125
2018-02-21,14411.5,26.208833415833336,4.3315416575,37.30695843666667,7.1727499068750005,-10.662333329583333,-2.963999987,10.775083303208334
2018-02-22,14435.5,25.420124847916668,3.431041657916667,36.9674998925,6.6847083767083335,-11.099041660166668,-2.8659583230416668,14.190062403333334
2018-02-23,14459.5,25.591166814166666,3.57758335275,36.94620831875,7.148249963875,-11.090416829083333,-2.7543333373333336,16.039395928041667
2018-02-24,14483.5,24.6940832925,3.2285416921666665,36.05037490583333,6.722708324625,-11.043458381125,-2.886666754583333,18.099333167916665
2018-02-25,14507.5,27.311833382083332,3.8708333571250004,38.691916705000004,7.045458277083333,-11.183291552875,-2.840625057791667,17.82470822375
2018-02-26,14531.5,24.376458168750002,2.422375023375,35.433833281249996,6.265833357916667,-10.835291544124999,-2.8436666330833336,17.870499967083333
2018-02-27,14555.5,26.59991661625,4.610750039375,36.90820789333333,7.291208267166667,-10.233916800375,-2.6179999708333335,20.003666640833334
2018-02-28,14579.5,28.442708413749997,5.521791656666667,38.644958178749995,7.607249995083333,-9.938625017916666,-2.44991673025,16.643625019999998
2018-03-01,14603.5,26.9453332425,4.862083355458333,37.12933309875,7.270999968125,-9.842625081125,-2.573291639375,16.2958124875
2018-03-02,14627.5,28.96279136375,5.0330833195833335,38.752208313333334,7.212999959875,-9.476208369,-2.5684166152916665,13.402749934874999
2018-03-03,14651.5,30.26470812166667,6.652500033541667,40.09020852958333,8.013916651625001,-9.576583326416666,-2.1134999891666664,19.811333338333334
2018-03-04,14675.5,29.123333214583337,6.429166615041667,38.8505415925,8.013833284458334,-9.480166712958333,-2.3675832946666664,24.801083287500003
2018-03-05,14699.5,24.209041635000002,3.6718333164166665,34.37954195416666,6.700208315875,-9.999083280916667,-2.11199995875,15.526749889166666
2018-03-06,14723.5,30.924333174166666,5.6021250089166665,42.255958398333334,7.524666696916667,-11.021208326708333,-2.379583343791667,14.116791685416667
2018-03-07,14747.5,34.44604174375,5.849791646041667,44.76229206791667,7.247499972541667,-10.075916567833334,-2.4646666794583334,11.058854022583333
2018-03-08,14771.5,33.060374975833334,4.691000004541666,43.57395823791666,6.87787506975,-10.365458250125,-2.381916691875,14.785104154999999
2018-03-09,14795.5,32.467000087083335,5.752125004916667,42.95504140791667,7.0599166154583335,-9.956041693833333,-1.9354583472916664,15.728187441125
2018-03-10,14819.5,32.06220809625,5.001624961666667,42.226874987916666,6.772958278541666,-9.986666740458334,-2.1092083552916665,18.886729160833333
2018-03-11,14843.5,28.659125050416666,2.8411250114166666,38.937583447083334,5.379041671708333,-10.068250020375,-2.2060000050416666,22.576312542916668
2018-03-12,14867.5,23.933124859583334,1.7032916745,34.65758355375,4.667541722416667,-10.617749987875,-2.0302083143750003,25.927124976666665
2018-03-13,14891.5,29.755125124166668,5.689291675958334,40.43645842875,7.380500038458333,-10.43620828775,-1.8705833254166666,27.694124857083334
2018-03-14,14915.5,29.116291522500003,5.4553750157500005,39.715000153333335,7.2497083545,-10.454333285166667,-1.9969166614166667,25.70752072333333
2018-03-15,14939.5,28.65908328625,5.762583295583333,39.74512545166667,7.420708298708333,-10.911083380791666,-2.1630833246666668,25.835645794583332
2018-03-16,14963.5,28.64512483333333,4.5443749626250005,40.49224980708333,7.37941668425,-11.532541671708332,-2.611208369125,13.695645889166668
2018-03-17,14987.5,28.959291537916666,4.177916665833333,40.53812511833333,6.865708271541667,-11.326833407499999,-2.4802916151249996,17.220499992083333
2018-03-18,15011.5,29.371166865000003,4.045250038333333,40.225416342500004,6.483708341958334,-10.617833315208333,-2.384333322208333,16.8724791225
2018-03-19,15035.5,31.10241643625,4.502541661166666,42.468125025,6.695791661791667,-11.424000103749998,-2.55725000275,15.783062498333335
2018-03-20,15059.5,33.866625150833336,5.259874979666667,44.72212473625,7.0297499695833325,-10.401874979625001,-2.466458315666667,12.13002077625
2018-03-21,15083.5,33.06741666708333,6.3244583209166665,44.01620833041667,7.771416604541667,-10.764458259083334,-2.20745832225,14.391520897833333
2018-03-22,15107.5,30.348458370416665,6.865499973291667,41.66954151833333,8.542041719083334,-11.243374983,-2.384666621625,18.190916657
2018-03-23,15131.5,29.905208429583336,6.928208331291667,41.09433364791666,8.501916666916665,-11.2331250115,-2.046999931,23.684104044999998
2018-03-24,15155.5,26.819708505416667,6.383833368625001,38.115541299583334,8.072999963791666,-11.173166592500001,-2.192458302,26.311729272916665
2018-03-25,15179.5,28.872124830833332,7.148249904375,39.84341700791666,8.300791641125,-10.733833393125002,-2.22962500175,26.70537495583333
2018-03-26,15203.5,27.978541850416665,6.938708344999999,39.29733347916667,8.491833229958333,-11.147791703041667,-2.140541643208333,26.961708149166668
2018-03-27,15227.5,28.784916479583334,7.542583346375,40.243291855416665,8.95762499175,-11.062541762416666,-2.2497083595416667,28.829291582083332
2018-03-28,15251.5,25.758666435833334,6.265041669125,37.4163748425,8.161249975333334,-11.473875045416667,-2.097833385125,31.228083134166667
2018-03-29,15275.5,22.414916654250003,5.130749980541666,34.017583529166664,7.387250026083334,-11.354750076583334,-2.0689166435416664,31.209729035416668
2018-03-30,15299.5,24.400958299583333,5.577583392458333,35.37679195375,7.389416674833334,-10.834083358333332,-2.2043332753333336,27.648291745833333
2018-03-31,15323.5,23.454999919999995,4.690999985,34.12400055,6.433000088,-10.54399967,-1.470999956,26.137500760000005
2018-04-01,15347.5,24.784833431249996,5.919624964333334,34.96699984875,7.369291623416667,-10.102166732083333,-1.8797083545833333,32.58300018291667
2018-04-02,15371.5,28.63470848375,6.834083318916666,38.436083634166664,7.851708312833334,-9.86541670625,-1.7803333302083333,33.73652092583333
2018-04-03,15395.5,23.818041643749996,4.219875037625,34.481166521249996,6.542833308291667,-10.359291632791667,-1.75116665675,35.164812803333334
2018-04-04,15419.5,20.268333355833335,2.4886250098333336,30.59766658166667,5.58795829625,-10.106541712833334,-2.0105000335833334,21.82562526291667
2018-04-05,15443.5,27.0466667025,5.595083296333333,37.75145848541667,7.350333372833333,-10.627916653291667,-2.1807499924583333,14.519604244583334
2018-04-06,15467.5,24.945416768749997,4.53041668725,35.61479155208333,6.833291679625,-10.447666645208333,-2.140166685,18.291604160833334
2018-04-07,15491.5,29.587499936666664,7.378499984791667,40.11262496416666,8.682791590791666,-10.159416755416666,-1.9209582807083334,19.445229412083332
2018-04-08,15515.5,28.25787496625,6.973625043958333,38.44949976583333,8.140041669083333,-9.971416790916667,-1.7132500111666669,22.85089596125
2018-04-09,15539.5,28.728791713333333,7.263374944374999,39.332958062083335,8.763249894041666,-10.384125034125,-1.7679583329583333,28.472291627083333
2018-04-10,15563.5,22.016874750833335,3.7940416335833334,32.907499710833335,6.617749999,-10.82883322275,-2.22537498175,32.421208540833334
2018-04-11,15587.5,16.614083290416666,1.0994166532499998,26.822541634999997,4.046541680874999,-10.227875033083334,-1.63070835175,32.13737511666667
2018-04-12,15611.5,18.4184583025,1.5357083479166667,29.12445855125,4.695416679,-10.46979161075,-1.9399166803333332,25.371791600833333
2018-04-13,15635.5,16.523333231666665,0.8237499992083334,26.934208155416666,4.226374954,-10.232291778375,-1.6365000109166665,21.883541662916667
2018-04-14,15659.5,18.907124997083333,1.1413333217500001,29.867208082916665,5.0260000329166665,-10.855958302083332,-1.6722083289583332,18.020083189166666
2018-04-15,15683.5,15.109666546249999,0.17104166745833335,25.9579583025,3.4947916667083336,-10.687124928291666,-1.9396249898333335,23.897708455416666
2018-04-16,15707.5,14.435999990833333,1.0401250124166668,25.755832989166667,4.068874994833333,-11.042041579416667,-1.9674999912500002,22.002666752083332
2018-04-17,15731.5,25.978624899166665,5.7905000845,37.154999653333334,7.331499934083333,-10.873208324750001,-1.7308333415000001,25.774541457500003
2018-04-18,15755.5,25.318791707083335,5.504249989833333,37.48229146,7.606208403833333,-12.042958259708334,-2.457499975833333,29.271854082916665
2018-04-19,15779.5,26.05529157375,5.601875026958333,37.869791985,7.656458357958333,-11.612458268375,-2.135916675166667,32.62260405166666
2018-04-20,15803.5,27.486374935,6.750291685208333,39.440125306666665,8.370166679291666,-11.673833371,-2.2310000159166665,34.536124944166666
2018-04-21,15827.5,28.041250148333333,7.678791681958334,39.166624705,9.036958515333334,-10.797375004708334,-1.8117083560416667,31.936020851250003
2018-04-22,15851.5,29.186166604583335,8.96666661925,39.790999731250004,9.932666738958334,-10.3831665905,-1.556875000375,31.37760424708333
2018-04-23,15875.5,27.660916645833336,6.554833352541666,38.50308370625,8.349916616875,-10.445625066083332,-1.8923749922916666,23.998500028333336
2018-04-24,15899.5,26.275166590833333,5.860291639958334,37.666625340833335,7.715666711250001,-11.124708255500002,-2.1024166840833334,23.952666519999998
2018-04-25,15923.5,27.228124856250002,7.176083385916667,38.816958586666665,8.592333296833333,-11.437458356708333,-2.1081666203333334,28.026708523333337
2018-04-26,15947.5,26.931416589583336,7.382083356458334,38.35454162,8.650458335916667,-11.160333276125,-1.8009166617083332,29.72045834875
2018-04-27,15971.5,27.71674990625,8.00337499375,38.80354166,8.975458264375,-10.809999983041665,-1.6885833142083333,32.13741691833334
2018-04-28,15995.5,28.348458367916667,8.809583326208333,39.4658338225,9.800708333333333,-11.059833289041668,-1.4944166540416666,33.53816644375
2018-04-29,16019.5,27.67483313958333,8.230124970333334,38.77899980541667,9.31387488025,-11.120666663,-1.8850417185416666,33.90441680041667
2018-04-30,16043.5,27.22466683458333,7.329666733708333,37.91233332875,8.418041646291668,-10.674249966708333,-1.3137499987916665,35.57979146583333
2018-05-01,16067.5,27.971541563749998,7.165624995958333,38.59133338833333,8.212583263625001,-10.495666821541667,-1.5836250284583333,34.56360419708333
2018-05-02,16091.5,28.358874956250002,7.731125016958334,39.57970778208333,8.739791651125,-11.135416667416665,-1.906875068625,32.467021386666666
2018-05-03,16115.5,28.620708225833337,7.727541685041667,39.88254133833333,8.683833300916666,-11.227791687458334,-1.694208324125,30.965583483333333
2018-05-04,16139.5,27.835458437083332,7.542666713333333,39.53412477208334,8.685041645958334,-11.340749939958334,-1.6742500315,31.661395708750003
2018-05-05,16163.5,28.739416996666666,7.842791716375,40.084666569583334,8.992041667416666,-11.129625003833333,-1.8414999445,28.356291531666667
2018-05-06,16187.5,29.02562507,7.350708305833333,40.2867916425,8.786666671291668,-11.019458333416667,-1.8707916190416667,29.2993750575
2018-05-07,16211.5,27.130416552083332,6.851499974666666,39.219083149583334,8.499666690833333,-11.790166695833333,-2.413624997,26.63522926875
2018-05-08,16235.5,26.550958157083333,7.165666739166666,38.1355415975,8.499666631041666,-11.237958392916667,-1.7140833538333335,31.624729075833333
2018-05-09,16259.5,27.04650012625,7.399499992583333,39.278208255833334,9.167499919458333,-12.27295823875,-2.496291707125,31.01133338625
2018-05-10,16283.5,26.99425013875,7.3715833625,38.82704114791667,8.871625025875,-11.56220845325,-1.8426666658333335,29.400000094583334
2018-05-11,16307.5,29.004625003333334,8.212749978125,40.24995819791666,9.270291527333333,-10.973541577958335,-1.7347083587916667,30.71839563
2018-05-12,16331.5,28.43566656,7.752041657791666,39.64012559208333,9.04691666375,-10.91195829725,-1.9262083072083334,30.178187846666663
2018-05-13,16355.5,28.10774985875,7.500625014375,39.32283322,8.853749990541667,-10.99154162375,-1.854333341125,34.69183341666667
2018-05-14,16379.5,30.791583299166664,8.917833368624999,42.03816668166667,10.0141666725,-10.817708412833333,-1.8733333497083333,38.481979449166666
2018-05-15,16403.5,34.04466724375,9.507666706875,44.97675005583333,10.449708361,-10.531250038708334,-1.5831666935416668,42.36385440875
2018-05-16,16427.5,35.92595855291666,9.765999993333333,46.74695873375,10.6340832905,-10.670166751083334,-2.0171666445416667,44.29568767458333
2018-05-17,16451.5,32.43920787125,8.830499966833333,42.9416667625,9.533833225625001,-10.245541691208333,-1.4645833174166667,37.50245865125
2018-05-18,16475.5,34.30637518583333,9.971874991875,45.28283341625001,10.902000030125,-10.821291567374999,-1.97379163375,36.99172933875
2018-05-19,16499.5,29.23849972083333,8.09058326475,40.43537505458333,9.283708274375,-11.022916752708333,-2.2618749789583332,30.391770679166665
2018-05-20,16523.5,29.189624865416665,7.591375013166666,39.943832875,8.601249873625,-10.415583332958333,-1.5426667132916665,28.24950003541667
2018-05-21,16547.5,25.15141677833333,7.7520833016249995,35.77783354125,8.916249930791667,-10.495250104833334,-1.5019166668333332,27.56283330875
2018-05-22,16571.5,20.774458249166667,6.080124994166667,31.931250095833335,8.069666624041666,-11.046291630166666,-1.7612916479166667,27.636104425833334
2018-05-23,16595.5,22.184499900000002,7.849666615375,34.037791330833336,9.554958303791667,-11.67829175875,-2.465374956875,31.95739571333333
2018-05-24,16619.5,26.6277080375,8.847916662791667,37.64520859666667,10.032041589791667,-10.797583340791666,-1.7849166589583332,31.389791647916667
2018-05-25,16643.5,27.936666487916668,8.25462496275,39.374208609166665,9.674708306916667,-11.250041603708333,-1.9881666550833332,30.172020912083337
2018-05-26,16667.5,27.978416839583332,7.455333312375,39.2091250425,8.865958352458334,-10.796083332041666,-2.1944167264583334,29.90660428958333
2018-05-27,16691.5,28.177458445416665,7.043458302875,38.75549983958333,8.018291612416666,-10.349375050958333,-1.6685833385000002,33.092604398333336
2018-05-28,16715.5,28.215791822083332,7.626333316333334,38.59029134166666,8.622500081375,-10.247791608916666,-1.4355416894583335,34.566625037499996
2018-05-29,16739.5,29.046583175416668,8.547666688875,39.64341624541667,9.416624983208333,-10.373166640458333,-1.505874986625,34.84124994458333
2018-05-30,16763.5,28.847624777916668,8.313874999541667,39.75737524041667,9.267083466333334,-10.667166628750001,-1.7984166295416666,35.18918760625
2018-05-31,16787.5,28.81599998,8.963000298,39.72600174,9.81099987,-10.62899971,-2.536999941,33.77899933
2018-06-01,16811.5,26.365833322083333,7.357666651416667,38.5410839725,9.231250047333333,-12.001166662208334,-2.2138333616666666,34.1140000025
2018-06-02,16835.5,27.797041654166666,8.010291675625,38.99112526625,9.178791642125,-11.039458313625,-1.940333282125,34.261604229999996
2018-06-03,16859.5,27.929624875833337,7.542541603291667,38.890583436250004,8.823624968708334,-10.895083387375001,-1.720624998,35.64393758833334
2018-06-04,16883.5,27.5595001375,7.923041622041667,38.540041764583336,9.179833253333333,-10.870666783333334,-2.0229583529166666,35.64391660583333
2018-06-05,16907.5,24.99412497,5.898624976625,36.01350061125,8.0272083085,-10.852416593874999,-2.1038333574166668,34.61860450166667
2018-06-06,16931.5,29.814416487916663,7.926500022541667,41.09995841958334,9.225666721333333,-11.058375000166668,-2.1307499409583333,36.568645715416665
2018-06-07,16955.5,31.116333088333334,8.226708352916667,42.913708209583326,9.612166603458332,-11.656041542875,-2.530750070625,39.64474980083333
2018-06-08,16979.5,28.85812505125,7.427291671333333,40.59395790125,8.941958248791666,-11.490416645833333,-2.5283332520833333,38.353936830833334
2018-06-09,17003.5,27.577083031666664,7.692708313458333,39.268124738333334,9.214499931125,-11.536500174416666,-2.412833377375,30.910562912916664
2018-06-10,17027.5,28.3519163925,8.296541671416668,39.35750007541667,9.527250011416667,-10.870541533,-2.2634166925416666,32.842333555416666
2018-06-11,17051.5,28.966333389166664,8.429166714333332,40.0220417975,9.671416660541666,-10.689791639375,-1.9858333567916668,36.90733313541667
2018-06-12,17075.5,32.99408316666666,9.758874952833333,43.83074998875,10.749083359708335,-10.509333332916666,-1.90641666475,40.41379165708333
2018-06-13,17099.5,34.48445844625,10.404666663083333,45.23029136708333,11.287541588875,-10.50150003,-1.8402083715833335,40.633499782083334
2018-06-14,17123.5,34.00620841875,9.598375002833334,45.166499933333334,10.634041666333333,-10.868833344583335,-2.1657083679583335,41.02722899166667
2018-06-15,17147.5,39.13699984541667,11.661291679833333,50.25412496041667,12.34062500775,-11.069708265833334,-2.361833269625,40.88075002041666
2018-06-16,17171.5,37.158124685833336,11.158583304208333,47.59029150083333,11.675041594916665,-10.303833325833333,-1.5487083099583334,38.46372906291666
2018-06-17,17195.5,33.430416584999996,9.319208304041666,44.393708705833326,10.139375010958334,-10.948708455666667,-1.7248333791666666,38.427145958749996
2018-06-18,17219.5,33.69916653666667,8.701375087375,44.65504137666667,9.748458385583334,-10.941666522,-2.0778749337083333,41.06389570166667
2018-06-19,17243.5,36.10754172,9.692708413166667,47.3859586725,10.91891658225,-11.010624964875,-2.493708406791667,37.072207847916665
2018-06-20,17267.5,30.35545818,8.656041721916667,41.25741704375,9.829874972083333,-10.808708229791668,-1.8533749929583332,35.31439582541667
2018-06-21,17291.5,31.85279146875,9.94750003075,42.903833230000004,10.982458352625,-10.863458294958335,-1.7603750128333333,36.745625098750004
2018-06-22,17315.5,30.027333339583333,9.654333313208333,41.065292040416665,10.714458306458333,-10.779458283083335,-1.6018749773333332,30.538416782083335
2018-06-23,17339.5,29.98187486333333,9.870666742916667,41.42033322541666,10.843958338,-11.141416668375001,-1.8585416675416668,32.50677092916667
2018-06-24,17363.5,31.988958279166667,9.835749944291667,42.76416651416667,10.53124997975,-10.735583383375001,-1.5201250265,35.179979484583335
2018-06-25,17387.5,35.25920820166667,10.935249964999999,45.35749991708334,11.060666759791667,-9.988708217833333,-1.2189166695,41.70568736291667
2018-06-26,17409.5,37.1803502085,10.74750003965,47.70890007,11.214200020049999,-10.3567001347,-1.39664999845,43.778124617500005
